/* Generated by tools/build-fonts.py; exact bytes of public/generated/menu-font.json. */
/* See FONT-NOTICES.md: original ASCII license + OFL CJK/Cyrillic. */
#include "m1_menu_font.h"
static GUI_CONST_STORAGE unsigned char bitmap_0020[] = {0x00};
static GUI_CONST_STORAGE GUI_CHARINFO_EXT glyph_0020 = {1,1,0,13,4,bitmap_0020};
static GUI_CONST_STORAGE unsigned char bitmap_0021[] = {0x2F,0x70,0x2F,0x70,0x2F,0x70,0x2F,0x60,0x1F,0x60,0x0F,0x50,0x0F,0x30,0x0D,0x20,0x0C,0x10,0x00,0x00,0x04,0x10,0x2F,0x60};
static GUI_CONST_STORAGE GUI_CHARINFO_EXT glyph_0021 = {3,12,1,1,4,bitmap_0021};
static GUI_CONST_STORAGE unsigned char bitmap_0022[] = {0x5F,0x0A,0xB0,0x4F,0x09,0xA0,0x3F,0x09,0x90,0x2E,0x08,0x90,0x2D,0x07,0x80};
static GUI_CONST_STORAGE GUI_CHARINFO_EXT glyph_0022 = {5,5,0,1,6,bitmap_0022};
static GUI_CONST_STORAGE unsigned char bitmap_0023[] = {0x00,0x03,0xF0,0x4D,0x00,0x00,0x08,0xA0,0x98,0x00,0x00,0x0D,0x50,0xE3,0x00,0x0E,0xFF,0xFF,0xFF,0xC0,0x04,0x7E,0x49,0xC4,0x20,0x00,0x89,0x0A,0x70,0x00,0x00,0xD6,0x0E,0x40,0x00,0xDF,0xFF,0xFF,0xFC,0x00,0x37,0xE3,0x8D,0x32,0x00,0x08,0xA0,0x98,0x00,0x00,0x0C,0x60,0xD4,0x00,0x00,0x0F,0x21,0xF0,0x00,0x00};
static GUI_CONST_STORAGE GUI_CHARINFO_EXT glyph_0023 = {9,12,0,1,9,bitmap_0023};
static GUI_CONST_STORAGE unsigned char bitmap_0024[] = {0x00,0x00,0xC0,0x00,0x00,0x01,0xAE,0xFE,0x80,0x00,0x0B,0xD5,0xD7,0xF9,0x00,0x2F,0x40,0xC0,0x8E,0x00,0x3F,0x30,0xC0,0x01,0x00,0x0E,0xC3,0xC0,0x00,0x00,0x03,0xDF,0xFB,0x50,0x00,0x00,0x02,0xEC,0xFA,0x00,0x00,0x00,0xC0,0x8F,0x20,0x7F,0x00,0xC0,0x2F,0x40,0x5F,0x20,0xC0,0x4F,0x20,0x0E,0xD5,0xC5,0xEC,0x00,0x02,0xBF,0xFF,0xA1,0x00,0x00,0x00,0xC0,0x00,0x00,0x00,0x00,0xC0,0x00,0x00};
static GUI_CONST_STORAGE GUI_CHARINFO_EXT glyph_0024 = {9,15,0,0,9,bitmap_0024};
static GUI_CONST_STORAGE unsigned char bitmap_0025[] = {0x00,0x00,0x00,0x00,0x00,0x00,0x00,0x04,0xDF,0xA0,0x00,0x07,0x60,0x00,0x1F,0x74,0xD8,0x00,0x1C,0x00,0x00,0x6B,0x00,0x4D,0x00,0x85,0x00,0x00,0x6B,0x00,0x3E,0x01,0xC0,0x00,0x00,0x2F,0x51,0xBA,0x09,0x40,0x00,0x00,0x06,0xFF,0xC1,0x1B,0x00,0x00,0x00,0x00,0x12,0x00,0x94,0x07,0xED,0x50,0x00,0x00,0x02,0xB0,0x6E,0x45,0xF3,0x00,0x00,0x0A,0x30,0xB6,0x00,0x98,0x00,0x00,0x2A,0x00,0xB6,0x00,0x98,0x00,0x00,0xB2,0x00,0x6E,0x57,0xF3,0x00,0x03,0xA0,0x00,0x08,0xED,0x50};
static GUI_CONST_STORAGE GUI_CHARINFO_EXT glyph_0025 = {14,13,0,0,14,bitmap_0025};
static GUI_CONST_STORAGE unsigned char bitmap_0026[] = {0x00,0x1A,0xFE,0x60,0x00,0x00,0x00,0xAD,0x58,0xF2,0x00,0x00,0x00,0xD7,0x00,0xF5,0x00,0x00,0x00,0xBC,0x05,0xF1,0x00,0x00,0x00,0x2F,0xCF,0x60,0x00,0x00,0x00,0x6F,0xF9,0x00,0x00,0x00,0x08,0xF6,0x8F,0x43,0xF1,0x00,0x1F,0x70,0x0B,0xE9,0xE0,0x00,0x4F,0x20,0x01,0xEF,0x90,0x00,0x2F,0x50,0x00,0x8F,0x90,0x00,0x0C,0xE6,0x49,0xFB,0xF4,0x00,0x01,0xAE,0xFB,0x30,0xDE,0x10};
static GUI_CONST_STORAGE GUI_CHARINFO_EXT glyph_0026 = {11,12,0,1,11,bitmap_0026};
static GUI_CONST_STORAGE unsigned char bitmap_0027[] = {0xC9,0xB9,0xA8,0x97,0x86};
static GUI_CONST_STORAGE GUI_CHARINFO_EXT glyph_0027 = {2,5,1,1,3,bitmap_0027};
static GUI_CONST_STORAGE unsigned char bitmap_0028[] = {0x00,0x87,0x02,0xE0,0x0B,0x80,0x2F,0x20,0x7E,0x00,0xBB,0x00,0xCA,0x00,0xD9,0x00,0xDA,0x00,0xAB,0x00,0x7E,0x00,0x2F,0x30,0x0B,0x80,0x02,0xE1,0x00,0x88};
static GUI_CONST_STORAGE GUI_CHARINFO_EXT glyph_0028 = {4,15,1,1,5,bitmap_0028};
static GUI_CONST_STORAGE unsigned char bitmap_0029[] = {0x3C,0x00,0x00,0x0B,0x60,0x00,0x04,0xE0,0x00,0x00,0xE6,0x00,0x00,0xAB,0x00,0x00,0x7F,0x00,0x00,0x5F,0x10,0x00,0x5F,0x20,0x00,0x5F,0x10,0x00,0x7F,0x00,0x00,0xAB,0x00,0x00,0xD7,0x00,0x04,0xE1,0x00,0x0B,0x70,0x00,0x3D,0x00,0x00};
static GUI_CONST_STORAGE GUI_CHARINFO_EXT glyph_0029 = {5,15,0,1,5,bitmap_0029};
static GUI_CONST_STORAGE unsigned char bitmap_002A[] = {0x00,0x68,0x00,0x29,0x8A,0x84,0x16,0xEF,0x71,0x03,0xDB,0x60,0x05,0x42,0x70};
static GUI_CONST_STORAGE GUI_CHARINFO_EXT glyph_002A = {6,5,0,1,6,bitmap_002A};
static GUI_CONST_STORAGE unsigned char bitmap_002B[] = {0x00,0x00,0xE7,0x00,0x00,0x00,0x00,0xE7,0x00,0x00,0x00,0x00,0xE7,0x00,0x00,0x00,0x00,0xE7,0x00,0x00,0x4F,0xFF,0xFF,0xFF,0xE0,0x03,0x33,0xE9,0x33,0x30,0x00,0x00,0xE7,0x00,0x00,0x00,0x00,0xE7,0x00,0x00,0x00,0x00,0xE7,0x00,0x00};
static GUI_CONST_STORAGE GUI_CHARINFO_EXT glyph_002B = {9,9,0,4,9,bitmap_002B};
static GUI_CONST_STORAGE unsigned char bitmap_002C[] = {0x24,0xAF,0x0C,0x5A,0x30};
static GUI_CONST_STORAGE GUI_CHARINFO_EXT glyph_002C = {2,5,1,11,4,bitmap_002C};
static GUI_CONST_STORAGE unsigned char bitmap_002D[] = {0x00,0x00,0x00,0x5F,0xFF,0x90,0x13,0x33,0x20};
static GUI_CONST_STORAGE GUI_CHARINFO_EXT glyph_002D = {5,3,0,7,5,bitmap_002D};
static GUI_CONST_STORAGE unsigned char bitmap_002E[] = {0x24,0xAF};
static GUI_CONST_STORAGE GUI_CHARINFO_EXT glyph_002E = {2,2,1,11,4,bitmap_002E};
static GUI_CONST_STORAGE unsigned char bitmap_002F[] = {0x00,0x08,0xA0,0x00,0x0D,0x50,0x00,0x1F,0x10,0x00,0x6C,0x00,0x00,0xB7,0x00,0x00,0xF2,0x00,0x05,0xD0,0x00,0x0A,0x80,0x00,0x0E,0x30,0x00,0x3E,0x00,0x00,0x8A,0x00,0x00,0xD5,0x00,0x00};
static GUI_CONST_STORAGE GUI_CHARINFO_EXT glyph_002F = {5,12,0,1,4,bitmap_002F};
static GUI_CONST_STORAGE unsigned char bitmap_0030[] = {0x00,0x6D,0xFC,0x40,0x00,0x06,0xF8,0x4A,0xF3,0x00,0x0E,0x90,0x00,0xDB,0x00,0x3F,0x40,0x00,0x8F,0x00,0x6F,0x10,0x00,0x6F,0x20,0x7F,0x00,0x00,0x5F,0x30,0x7F,0x00,0x00,0x5F,0x20,0x6F,0x10,0x00,0x6F,0x10,0x4F,0x40,0x00,0x8E,0x00,0x0E,0x90,0x00,0xD9,0x00,0x07,0xF8,0x4B,0xF2,0x00,0x00,0x7E,0xFC,0x30,0x00};
static GUI_CONST_STORAGE GUI_CHARINFO_EXT glyph_0030 = {9,12,0,1,9,bitmap_0030};
static GUI_CONST_STORAGE unsigned char bitmap_0031[] = {0x00,0x09,0xA0,0x00,0x3F,0xA0,0x5D,0xFF,0xA0,0x37,0x7E,0xA0,0x00,0x0D,0xA0,0x00,0x0D,0xA0,0x00,0x0D,0xA0,0x00,0x0D,0xA0,0x00,0x0D,0xA0,0x00,0x0D,0xA0,0x00,0x0D,0xA0,0x00,0x0D,0xA0};
static GUI_CONST_STORAGE GUI_CHARINFO_EXT glyph_0031 = {5,12,1,1,9,bitmap_0031};
static GUI_CONST_STORAGE unsigned char bitmap_0032[] = {0x00,0x7D,0xFE,0x80,0x00,0x08,0xF8,0x48,0xF8,0x00,0x0E,0x90,0x00,0x9F,0x00,0x2F,0x40,0x00,0x5F,0x20,0x04,0x00,0x00,0x9F,0x10,0x00,0x00,0x05,0xFA,0x00,0x00,0x01,0xAF,0xC1,0x00,0x00,0x5F,0xF7,0x00,0x00,0x05,0xFB,0x20,0x00,0x00,0x0E,0xB0,0x00,0x00,0x00,0x4F,0x64,0x44,0x44,0x00,0x7F,0xFF,0xFF,0xFF,0x30};
static GUI_CONST_STORAGE GUI_CHARINFO_EXT glyph_0032 = {9,12,0,1,9,bitmap_0032};
static GUI_CONST_STORAGE unsigned char bitmap_0033[] = {0x01,0xAE,0xFD,0x60,0x00,0x0B,0xE7,0x4A,0xF5,0x00,0x2F,0x50,0x00,0xDA,0x00,0x3C,0x10,0x00,0xCB,0x00,0x00,0x00,0x17,0xF5,0x00,0x00,0x09,0xFF,0xB0,0x00,0x00,0x01,0x48,0xFB,0x00,0x00,0x00,0x00,0x8F,0x10,0x7D,0x00,0x00,0x5F,0x20,0x5F,0x20,0x00,0x9F,0x00,0x0E,0xE6,0x59,0xF7,0x00,0x02,0xBF,0xFD,0x60,0x00};
static GUI_CONST_STORAGE GUI_CHARINFO_EXT glyph_0033 = {9,12,0,1,9,bitmap_0033};
static GUI_CONST_STORAGE unsigned char bitmap_0034[] = {0x00,0x00,0x0C,0xB0,0x00,0x00,0x00,0x7F,0xB0,0x00,0x00,0x02,0xFE,0xB0,0x00,0x00,0x0C,0x9B,0xB0,0x00,0x00,0x6E,0x0B,0xB0,0x00,0x01,0xF4,0x0B,0xB0,0x00,0x0B,0xA0,0x0B,0xB0,0x00,0x6E,0x20,0x0B,0xB0,0x00,0x9F,0xFF,0xFF,0xFF,0x60,0x23,0x33,0x3C,0xC3,0x10,0x00,0x00,0x0B,0xB0,0x00,0x00,0x00,0x0B,0xB0,0x00};
static GUI_CONST_STORAGE GUI_CHARINFO_EXT glyph_0034 = {9,12,0,1,9,bitmap_0034};
static GUI_CONST_STORAGE unsigned char bitmap_0035[] = {0x00,0x00,0x00,0x00,0x00,0x04,0xFF,0xFF,0xF9,0x00,0x06,0xD3,0x33,0x32,0x00,0x09,0xA0,0x00,0x00,0x00,0x0B,0x80,0x00,0x00,0x00,0x0D,0xBE,0xFE,0x70,0x00,0x0F,0xE5,0x49,0xF8,0x00,0x06,0x20,0x00,0xAF,0x00,0x00,0x00,0x00,0x5F,0x30,0x25,0x00,0x00,0x6F,0x10,0x4F,0x40,0x00,0xBD,0x00,0x0C,0xE6,0x5A,0xF5,0x00,0x01,0x9E,0xFC,0x50,0x00};
static GUI_CONST_STORAGE GUI_CHARINFO_EXT glyph_0035 = {9,13,0,0,9,bitmap_0035};
static GUI_CONST_STORAGE unsigned char bitmap_0036[] = {0x00,0x3C,0xFE,0xA0,0x00,0x03,0xFA,0x47,0xF9,0x00,0x0B,0xC0,0x00,0x7D,0x00,0x0F,0x50,0x00,0x00,0x00,0x3F,0x5C,0xFE,0x80,0x00,0x5F,0xF8,0x47,0xFA,0x00,0x6F,0x90,0x00,0x8F,0x10,0x5F,0x40,0x00,0x4F,0x40,0x3F,0x50,0x00,0x4F,0x20,0x0E,0xA0,0x00,0x9E,0x00,0x06,0xF9,0x58,0xF6,0x00,0x00,0x6D,0xFD,0x60,0x00};
static GUI_CONST_STORAGE GUI_CHARINFO_EXT glyph_0036 = {9,12,0,1,9,bitmap_0036};
static GUI_CONST_STORAGE unsigned char bitmap_0037[] = {0x00,0x00,0x00,0x00,0x00,0x6F,0xFF,0xFF,0xFF,0x60,0x13,0x33,0x33,0x9E,0x10,0x00,0x00,0x03,0xF3,0x00,0x00,0x00,0x0D,0x90,0x00,0x00,0x00,0x7F,0x10,0x00,0x00,0x00,0xE8,0x00,0x00,0x00,0x07,0xF1,0x00,0x00,0x00,0x0D,0xA0,0x00,0x00,0x00,0x3F,0x50,0x00,0x00,0x00,0x7F,0x10,0x00,0x00,0x00,0xBD,0x00,0x00,0x00};
static GUI_CONST_STORAGE GUI_CHARINFO_EXT glyph_0037 = {9,12,0,1,9,bitmap_0037};
static GUI_CONST_STORAGE unsigned char bitmap_0038[] = {0x00,0x7D,0xFD,0x50,0x00,0x08,0xF7,0x4A,0xF5,0x00,0x0F,0x80,0x00,0xDB,0x00,0x0F,0x70,0x00,0xCC,0x00,0x0B,0xE4,0x16,0xF6,0x00,0x01,0xEF,0xFF,0xC0,0x00,0x0D,0xE6,0x48,0xF9,0x00,0x5F,0x40,0x00,0x8F,0x10,0x7F,0x10,0x00,0x5F,0x20,0x5F,0x50,0x00,0x8F,0x00,0x0D,0xE7,0x48,0xF7,0x00,0x01,0x8D,0xFD,0x70,0x00};
static GUI_CONST_STORAGE GUI_CHARINFO_EXT glyph_0038 = {9,12,0,1,9,bitmap_0038};
static GUI_CONST_STORAGE unsigned char bitmap_0039[] = {0x00,0x8E,0xFC,0x30,0x00,0x09,0xF7,0x5B,0xF2,0x00,0x1F,0x60,0x00,0xDA,0x00,0x5F,0x10,0x00,0x9E,0x00,0x6F,0x10,0x00,0x9F,0x10,0x3F,0x40,0x00,0xCF,0x10,0x0C,0xD3,0x18,0xFF,0x00,0x02,0xDF,0xFE,0x9F,0x00,0x00,0x02,0x20,0x9B,0x00,0x3E,0x30,0x01,0xE6,0x00,0x0D,0xD5,0x5D,0xD0,0x00,0x02,0xBE,0xEA,0x10,0x00};
static GUI_CONST_STORAGE GUI_CHARINFO_EXT glyph_0039 = {9,12,0,1,9,bitmap_0039};
static GUI_CONST_STORAGE unsigned char bitmap_003A[] = {0x3F,0x60,0x04,0x10,0x00,0x00,0x00,0x00,0x00,0x00,0x00,0x00,0x00,0x00,0x04,0x10,0x3F,0x60};
static GUI_CONST_STORAGE GUI_CHARINFO_EXT glyph_003A = {3,9,1,4,4,bitmap_003A};
static GUI_CONST_STORAGE unsigned char bitmap_003B[] = {0x3F,0x70,0x04,0x10,0x00,0x00,0x00,0x00,0x00,0x00,0x00,0x00,0x00,0x00,0x04,0x10,0x3F,0x70,0x06,0x60,0x1C,0x20,0x12,0x00};
static GUI_CONST_STORAGE GUI_CHARINFO_EXT glyph_003B = {3,12,1,4,4,bitmap_003B};
static GUI_CONST_STORAGE unsigned char bitmap_003C[] = {0x00,0x00,0x00,0x00,0x53,0x00,0x00,0x02,0x8E,0xF4,0x00,0x04,0xBF,0xE8,0x10,0x17,0xEF,0xB4,0x00,0x00,0xCF,0x81,0x00,0x00,0x00,0x7E,0xFA,0x30,0x00,0x00,0x00,0x5C,0xFD,0x71,0x00,0x00,0x00,0x29,0xFF,0xA2,0x00,0x00,0x00,0x06,0xC5,0x00,0x00,0x00,0x00,0x00};
static GUI_CONST_STORAGE GUI_CHARINFO_EXT glyph_003C = {10,10,0,4,9,bitmap_003C};
static GUI_CONST_STORAGE unsigned char bitmap_003D[] = {0x00,0x00,0x00,0x00,0x00,0x4F,0xFF,0xFF,0xFF,0xE0,0x03,0x33,0x33,0x33,0x30,0x00,0x00,0x00,0x00,0x00,0x00,0x00,0x00,0x00,0x00,0x4F,0xFF,0xFF,0xFF,0xE0,0x03,0x33,0x33,0x33,0x30};
static GUI_CONST_STORAGE GUI_CHARINFO_EXT glyph_003D = {9,7,0,5,9,bitmap_003D};
static GUI_CONST_STORAGE unsigned char bitmap_003E[] = {0x62,0x00,0x00,0x00,0x00,0xBF,0xC5,0x00,0x00,0x00,0x04,0xAF,0xE8,0x20,0x00,0x00,0x01,0x7D,0xFB,0x40,0x00,0x00,0x00,0x4D,0xF5,0x00,0x00,0x06,0xCF,0xC2,0x00,0x39,0xFF,0x92,0x00,0x5D,0xFD,0x60,0x00,0x00,0xBA,0x30,0x00,0x00,0x00,0x00,0x00,0x00,0x00,0x00};
static GUI_CONST_STORAGE GUI_CHARINFO_EXT glyph_003E = {10,10,0,4,9,bitmap_003E};
static GUI_CONST_STORAGE unsigned char bitmap_003F[] = {0x03,0xCF,0xE8,0x00,0x1F,0xA4,0x6F,0x90,0x8E,0x00,0x07,0xF0,0xBA,0x00,0x05,0xF2,0x00,0x00,0x0A,0xE0,0x00,0x00,0x7F,0x40,0x00,0x05,0xF6,0x00,0x00,0x0D,0xA0,0x00,0x00,0x0F,0x50,0x00,0x00,0x05,0x10,0x00,0x00,0x04,0x10,0x00,0x00,0x2F,0x60,0x00};
static GUI_CONST_STORAGE GUI_CHARINFO_EXT glyph_003F = {8,12,1,1,9,bitmap_003F};
static GUI_CONST_STORAGE unsigned char bitmap_0040[] = {0x00,0x00,0x6B,0xEF,0xFC,0x70,0x00,0x00,0x2D,0xE9,0x54,0x58,0xEE,0x20,0x01,0xDA,0x03,0xDF,0x75,0x69,0xD0,0x09,0xB0,0x2F,0xB4,0xBC,0x50,0xE4,0x0F,0x20,0x9E,0x00,0x4F,0x10,0xA7,0x2E,0x00,0xE8,0x00,0x6C,0x00,0xA6,0x3E,0x00,0xE6,0x00,0xB8,0x00,0xE2,0x1F,0x10,0xBA,0x06,0xD8,0x1A,0x80,0x0C,0x80,0x2C,0xE8,0x3D,0xE7,0x00,0x03,0xF6,0x00,0x00,0x00,0x06,0x10,0x00,0x4F,0xD7,0x54,0x58,0xEB,0x10,0x00,0x01,0x8D,0xFF,0xDA,0x40,0x00};
static GUI_CONST_STORAGE GUI_CHARINFO_EXT glyph_0040 = {14,12,1,1,16,bitmap_0040};
static GUI_CONST_STORAGE unsigned char bitmap_0041[] = {0x00,0x00,0x9F,0x70,0x00,0x00,0x00,0x00,0xFF,0xD0,0x00,0x00,0x00,0x05,0xF8,0xF2,0x00,0x00,0x00,0x0B,0xC1,0xF8,0x00,0x00,0x00,0x1F,0x60,0xBD,0x00,0x00,0x00,0x6F,0x00,0x5F,0x30,0x00,0x00,0xCB,0x11,0x2F,0x90,0x00,0x02,0xFF,0xFF,0xFF,0xE0,0x00,0x08,0xF4,0x44,0x47,0xF4,0x00,0x0D,0xA0,0x00,0x00,0xF9,0x00,0x3F,0x50,0x00,0x00,0xBE,0x00,0x9F,0x00,0x00,0x00,0x6F,0x40};
static GUI_CONST_STORAGE GUI_CHARINFO_EXT glyph_0041 = {11,12,0,1,11,bitmap_0041};
static GUI_CONST_STORAGE unsigned char bitmap_0042[] = {0xDF,0xFF,0xFF,0xC4,0x00,0xDC,0x44,0x45,0xDF,0x20,0xDB,0x00,0x00,0x3F,0x60,0xDB,0x00,0x00,0x2F,0x60,0xDB,0x00,0x02,0xBE,0x10,0xDF,0xFF,0xFF,0xF6,0x00,0xDC,0x33,0x34,0x9F,0x60,0xDB,0x00,0x00,0x0B,0xE0,0xDB,0x00,0x00,0x08,0xF0,0xDB,0x00,0x00,0x0C,0xD0,0xDC,0x44,0x45,0xBF,0x50,0xDF,0xFF,0xFF,0xC5,0x00};
static GUI_CONST_STORAGE GUI_CHARINFO_EXT glyph_0042 = {10,12,1,1,11,bitmap_0042};
static GUI_CONST_STORAGE unsigned char bitmap_0043[] = {0x00,0x06,0xCF,0xFD,0x70,0x00,0x00,0xAF,0x95,0x58,0xFB,0x00,0x07,0xF5,0x00,0x00,0x4F,0x60,0x0E,0xB0,0x00,0x00,0x09,0x70,0x2F,0x70,0x00,0x00,0x00,0x00,0x4F,0x50,0x00,0x00,0x00,0x00,0x4F,0x50,0x00,0x00,0x00,0x00,0x2F,0x70,0x00,0x00,0x04,0x50,0x0E,0xC0,0x00,0x00,0x0E,0xA0,0x07,0xF5,0x00,0x00,0x7F,0x30,0x00,0xBF,0x95,0x59,0xF8,0x00,0x00,0x07,0xDF,0xFC,0x50,0x00};
static GUI_CONST_STORAGE GUI_CHARINFO_EXT glyph_0043 = {11,12,0,1,12,bitmap_0043};
static GUI_CONST_STORAGE unsigned char bitmap_0044[] = {0xBF,0xFF,0xFF,0xB4,0x00,0xBE,0x44,0x46,0xCF,0x50,0xBD,0x00,0x00,0x0B,0xF1,0xBD,0x00,0x00,0x03,0xF7,0xBD,0x00,0x00,0x00,0xFA,0xBD,0x00,0x00,0x00,0xDC,0xBD,0x00,0x00,0x00,0xDB,0xBD,0x00,0x00,0x00,0xF9,0xBD,0x00,0x00,0x03,0xF5,0xBD,0x00,0x00,0x0C,0xE0,0xBE,0x44,0x45,0xCF,0x40,0xBF,0xFF,0xFE,0xB3,0x00};
static GUI_CONST_STORAGE GUI_CHARINFO_EXT glyph_0044 = {10,12,1,1,12,bitmap_0044};
static GUI_CONST_STORAGE unsigned char bitmap_0045[] = {0xAF,0xFF,0xFF,0xFF,0xB0,0xAE,0x44,0x44,0x44,0x30,0xAE,0x00,0x00,0x00,0x00,0xAE,0x00,0x00,0x00,0x00,0xAE,0x00,0x00,0x00,0x00,0xAF,0xFF,0xFF,0xFF,0x30,0xAE,0x33,0x33,0x33,0x00,0xAE,0x00,0x00,0x00,0x00,0xAE,0x00,0x00,0x00,0x00,0xAE,0x00,0x00,0x00,0x00,0xAE,0x44,0x44,0x44,0x30,0xAF,0xFF,0xFF,0xFF,0xD0};
static GUI_CONST_STORAGE GUI_CHARINFO_EXT glyph_0045 = {9,12,1,1,11,bitmap_0045};
static GUI_CONST_STORAGE unsigned char bitmap_0046[] = {0xAF,0xFF,0xFF,0xFF,0x50,0xAF,0x44,0x44,0x44,0x10,0xAE,0x00,0x00,0x00,0x00,0xAE,0x00,0x00,0x00,0x00,0xAE,0x00,0x00,0x00,0x00,0xAF,0xFF,0xFF,0xF9,0x00,0xAF,0x33,0x33,0x31,0x00,0xAE,0x00,0x00,0x00,0x00,0xAE,0x00,0x00,0x00,0x00,0xAE,0x00,0x00,0x00,0x00,0xAE,0x00,0x00,0x00,0x00,0xAE,0x00,0x00,0x00,0x00};
static GUI_CONST_STORAGE GUI_CHARINFO_EXT glyph_0046 = {9,12,1,1,10,bitmap_0046};
static GUI_CONST_STORAGE unsigned char bitmap_0047[] = {0x00,0x00,0x00,0x00,0x00,0x00,0x00,0x04,0xBE,0xFD,0x92,0x00,0x00,0x8F,0xB5,0x47,0xDF,0x30,0x04,0xF7,0x00,0x00,0x0D,0xC0,0x0C,0xD0,0x00,0x00,0x02,0x50,0x0F,0x80,0x00,0x00,0x00,0x00,0x2F,0x60,0x00,0xCF,0xFF,0xF4,0x3F,0x60,0x00,0x23,0x36,0xF4,0x1F,0x80,0x00,0x00,0x04,0xF4,0x0D,0xD0,0x00,0x00,0x08,0xF4,0x07,0xF5,0x00,0x00,0x2F,0xF4,0x00,0xBF,0x95,0x48,0xF9,0xF4,0x00,0x06,0xCF,0xFC,0x50,0xD4};
static GUI_CONST_STORAGE GUI_CHARINFO_EXT glyph_0047 = {12,13,0,0,12,bitmap_0047};
static GUI_CONST_STORAGE unsigned char bitmap_0048[] = {0xBD,0x00,0x00,0x03,0xF6,0xBD,0x00,0x00,0x03,0xF6,0xBD,0x00,0x00,0x03,0xF6,0xBD,0x00,0x00,0x03,0xF6,0xBD,0x00,0x00,0x03,0xF6,0xBF,0xFF,0xFF,0xFF,0xF6,0xBD,0x33,0x33,0x36,0xF6,0xBD,0x00,0x00,0x03,0xF6,0xBD,0x00,0x00,0x03,0xF6,0xBD,0x00,0x00,0x03,0xF6,0xBD,0x00,0x00,0x03,0xF6,0xBD,0x00,0x00,0x03,0xF6};
static GUI_CONST_STORAGE GUI_CHARINFO_EXT glyph_0048 = {10,12,1,1,12,bitmap_0048};
static GUI_CONST_STORAGE unsigned char bitmap_0049[] = {0x6F,0x20,0x6F,0x20,0x6F,0x20,0x6F,0x20,0x6F,0x20,0x6F,0x20,0x6F,0x20,0x6F,0x20,0x6F,0x20,0x6F,0x20,0x6F,0x20,0x6F,0x20};
static GUI_CONST_STORAGE GUI_CHARINFO_EXT glyph_0049 = {3,12,1,1,4,bitmap_0049};
static GUI_CONST_STORAGE unsigned char bitmap_004A[] = {0x00,0x00,0x0B,0xD0,0x00,0x00,0x0B,0xD0,0x00,0x00,0x0B,0xD0,0x00,0x00,0x0B,0xD0,0x00,0x00,0x0B,0xD0,0x00,0x00,0x0B,0xD0,0x00,0x00,0x0B,0xD0,0x11,0x00,0x0B,0xD0,0xBB,0x00,0x0B,0xD0,0xAD,0x00,0x0D,0xB0,0x6F,0xA6,0xAF,0x50,0x07,0xDF,0xD7,0x00};
static GUI_CONST_STORAGE GUI_CHARINFO_EXT glyph_004A = {7,12,0,1,8,bitmap_004A};
static GUI_CONST_STORAGE unsigned char bitmap_004B[] = {0xCB,0x00,0x00,0x3F,0xE1,0xCB,0x00,0x02,0xEE,0x20,0xCB,0x00,0x2E,0xE2,0x00,0xCB,0x01,0xDE,0x20,0x00,0xCB,0x1D,0xF3,0x00,0x00,0xCC,0xCF,0xF2,0x00,0x00,0xCF,0xE5,0xFC,0x00,0x00,0xCE,0x30,0x7F,0x70,0x00,0xCB,0x00,0x0C,0xF3,0x00,0xCB,0x00,0x02,0xFD,0x00,0xCB,0x00,0x00,0x6F,0x90,0xCB,0x00,0x00,0x0B,0xF4};
static GUI_CONST_STORAGE GUI_CHARINFO_EXT glyph_004B = {10,12,1,1,11,bitmap_004B};
static GUI_CONST_STORAGE unsigned char bitmap_004C[] = {0xCC,0x00,0x00,0x00,0xCC,0x00,0x00,0x00,0xCC,0x00,0x00,0x00,0xCC,0x00,0x00,0x00,0xCC,0x00,0x00,0x00,0xCC,0x00,0x00,0x00,0xCC,0x00,0x00,0x00,0xCC,0x00,0x00,0x00,0xCC,0x00,0x00,0x00,0xCC,0x00,0x00,0x00,0xCE,0x77,0x77,0x74,0xCF,0xFF,0xFF,0xF9};
static GUI_CONST_STORAGE GUI_CHARINFO_EXT glyph_004C = {8,12,1,1,9,bitmap_004C};
static GUI_CONST_STORAGE unsigned char bitmap_004D[] = {0xDF,0x90,0x00,0x00,0x2F,0xF3,0xDF,0xE0,0x00,0x00,0x8F,0xF3,0xDD,0xF3,0x00,0x00,0xDD,0xF3,0xDA,0xE8,0x00,0x02,0xF8,0xF3,0xDA,0x8D,0x00,0x07,0xE4,0xF3,0xDA,0x3F,0x20,0x0C,0x94,0xF3,0xDA,0x0E,0x80,0x1F,0x44,0xF3,0xDA,0x09,0xD0,0x7E,0x04,0xF3,0xDA,0x03,0xF2,0xC9,0x04,0xF3,0xDA,0x00,0xE9,0xF4,0x04,0xF3,0xDA,0x00,0x9F,0xE0,0x04,0xF3,0xDA,0x00,0x3F,0xA0,0x04,0xF3};
static GUI_CONST_STORAGE GUI_CHARINFO_EXT glyph_004D = {12,12,1,1,13,bitmap_004D};
static GUI_CONST_STORAGE unsigned char bitmap_004E[] = {0xCF,0x50,0x00,0x02,0xF5,0xCF,0xE0,0x00,0x02,0xF5,0xCE,0xF8,0x00,0x02,0xF5,0xCB,0xAF,0x20,0x02,0xF5,0xCB,0x1E,0xB0,0x02,0xF5,0xCB,0x06,0xF5,0x02,0xF5,0xCB,0x00,0xCE,0x02,0xF5,0xCB,0x00,0x3F,0x82,0xF5,0xCB,0x00,0x08,0xF4,0xF5,0xCB,0x00,0x00,0xED,0xF5,0xCB,0x00,0x00,0x5F,0xF5,0xCB,0x00,0x00,0x0B,0xF5};
static GUI_CONST_STORAGE GUI_CHARINFO_EXT glyph_004E = {10,12,1,1,12,bitmap_004E};
static GUI_CONST_STORAGE unsigned char bitmap_004F[] = {0x00,0x05,0xCE,0xFD,0x92,0x00,0x00,0xAF,0xA5,0x47,0xEF,0x40,0x07,0xF6,0x00,0x00,0x1D,0xE1,0x0E,0xB0,0x00,0x00,0x04,0xF7,0x3F,0x60,0x00,0x00,0x00,0xEB,0x5F,0x40,0x00,0x00,0x00,0xCC,0x5F,0x40,0x00,0x00,0x00,0xDC,0x3F,0x60,0x00,0x00,0x00,0xF9,0x0F,0xC0,0x00,0x00,0x06,0xF5,0x08,0xF5,0x00,0x00,0x0D,0xD0,0x00,0xBF,0x95,0x47,0xDE,0x20,0x00,0x06,0xCF,0xFD,0x81,0x00};
static GUI_CONST_STORAGE GUI_CHARINFO_EXT glyph_004F = {12,12,0,1,12,bitmap_004F};
static GUI_CONST_STORAGE unsigned char bitmap_0050[] = {0xAF,0xFF,0xFF,0xD6,0x00,0xAF,0x44,0x44,0xAF,0x50,0xAE,0x00,0x00,0x0D,0xC0,0xAE,0x00,0x00,0x0A,0xE0,0xAE,0x00,0x00,0x0C,0xC0,0xAE,0x00,0x01,0x7F,0x60,0xAF,0xFF,0xFF,0xFA,0x00,0xAF,0x33,0x33,0x10,0x00,0xAE,0x00,0x00,0x00,0x00,0xAE,0x00,0x00,0x00,0x00,0xAE,0x00,0x00,0x00,0x00,0xAE,0x00,0x00,0x00,0x00};
static GUI_CONST_STORAGE GUI_CHARINFO_EXT glyph_0050 = {9,12,1,1,11,bitmap_0050};
static GUI_CONST_STORAGE unsigned char bitmap_0051[] = {0x00,0x05,0xCE,0xFD,0x92,0x00,0x00,0xAF,0xA5,0x47,0xEF,0x40,0x07,0xF5,0x00,0x00,0x1D,0xE1,0x0E,0xB0,0x00,0x00,0x04,0xF7,0x3F,0x60,0x00,0x00,0x00,0xEA,0x5F,0x40,0x00,0x00,0x00,0xCC,0x5F,0x40,0x00,0x00,0x00,0xDC,0x3F,0x60,0x00,0x00,0x00,0xFA,0x0F,0xB0,0x00,0x04,0x05,0xF5,0x08,0xF5,0x00,0x1E,0xBD,0xD0,0x00,0xBF,0xA5,0x48,0xFF,0x60,0x00,0x06,0xCF,0xFD,0x89,0xF5,0x00,0x00,0x00,0x00,0x00,0x42};
static GUI_CONST_STORAGE GUI_CHARINFO_EXT glyph_0051 = {12,13,0,1,12,bitmap_0051};
static GUI_CONST_STORAGE unsigned char bitmap_0052[] = {0x9F,0xFF,0xFF,0xEB,0x20,0x9F,0x44,0x44,0x6E,0xE1,0x9F,0x00,0x00,0x04,0xF6,0x9F,0x00,0x00,0x01,0xF7,0x9F,0x00,0x00,0x03,0xF5,0x9F,0x00,0x00,0x3C,0xE0,0x9F,0xFF,0xFF,0xFF,0x40,0x9F,0x33,0x33,0x5D,0xF1,0x9F,0x00,0x00,0x05,0xF4,0x9F,0x00,0x00,0x03,0xF4,0x9F,0x00,0x00,0x02,0xF5,0x9F,0x00,0x00,0x01,0xFB};
static GUI_CONST_STORAGE GUI_CHARINFO_EXT glyph_0052 = {10,12,1,1,12,bitmap_0052};
static GUI_CONST_STORAGE unsigned char bitmap_0053[] = {0x00,0x00,0x00,0x00,0x00,0x00,0x2B,0xEF,0xD8,0x10,0x03,0xFB,0x55,0x7F,0xE1,0x0B,0xD0,0x00,0x03,0xF6,0x0D,0xB0,0x00,0x00,0x85,0x0A,0xF8,0x30,0x00,0x00,0x01,0xCF,0xFF,0xB7,0x10,0x00,0x02,0x6A,0xEF,0xF3,0x00,0x00,0x00,0x04,0xFC,0x2F,0x50,0x00,0x00,0xAE,0x0E,0xB0,0x00,0x00,0xCC,0x06,0xFB,0x54,0x6C,0xF4,0x00,0x4B,0xFF,0xD9,0x20};
static GUI_CONST_STORAGE GUI_CHARINFO_EXT glyph_0053 = {10,13,0,0,11,bitmap_0053};
static GUI_CONST_STORAGE unsigned char bitmap_0054[] = {0xBF,0xFF,0xFF,0xFF,0xF9,0x34,0x44,0xEC,0x44,0x42,0x00,0x00,0xEB,0x00,0x00,0x00,0x00,0xEB,0x00,0x00,0x00,0x00,0xEB,0x00,0x00,0x00,0x00,0xEB,0x00,0x00,0x00,0x00,0xEB,0x00,0x00,0x00,0x00,0xEB,0x00,0x00,0x00,0x00,0xEB,0x00,0x00,0x00,0x00,0xEB,0x00,0x00,0x00,0x00,0xEB,0x00,0x00,0x00,0x00,0xEB,0x00,0x00};
static GUI_CONST_STORAGE GUI_CHARINFO_EXT glyph_0054 = {10,12,0,1,10,bitmap_0054};
static GUI_CONST_STORAGE unsigned char bitmap_0055[] = {0xAE,0x00,0x00,0x03,0xF6,0xAE,0x00,0x00,0x03,0xF6,0xAE,0x00,0x00,0x03,0xF6,0xAE,0x00,0x00,0x03,0xF6,0xAE,0x00,0x00,0x03,0xF6,0xAE,0x00,0x00,0x03,0xF6,0xAE,0x00,0x00,0x03,0xF5,0x9E,0x00,0x00,0x03,0xF4,0x7F,0x00,0x00,0x05,0xF3,0x3F,0x70,0x00,0x0B,0xE0,0x0A,0xF8,0x45,0xBF,0x50,0x00,0x7D,0xFF,0xC4,0x00};
static GUI_CONST_STORAGE GUI_CHARINFO_EXT glyph_0055 = {10,12,1,1,12,bitmap_0055};
static GUI_CONST_STORAGE unsigned char bitmap_0056[] = {0x6F,0x40,0x00,0x00,0x7F,0x30,0x1F,0x90,0x00,0x00,0xCE,0x00,0x0B,0xE0,0x00,0x01,0xF8,0x00,0x06,0xF4,0x00,0x06,0xF3,0x00,0x00,0xF9,0x00,0x0B,0xD0,0x00,0x00,0xAE,0x00,0x1F,0x80,0x00,0x00,0x5F,0x30,0x6F,0x20,0x00,0x00,0x0F,0x80,0xBC,0x00,0x00,0x00,0x0A,0xD0,0xF7,0x00,0x00,0x00,0x04,0xF8,0xF1,0x00,0x00,0x00,0x00,0xEF,0xC0,0x00,0x00,0x00,0x00,0x9F,0x60,0x00,0x00};
static GUI_CONST_STORAGE GUI_CHARINFO_EXT glyph_0056 = {11,12,0,1,11,bitmap_0056};
static GUI_CONST_STORAGE unsigned char bitmap_0057[] = {0x9F,0x10,0x00,0x6F,0x80,0x00,0x0E,0xC0,0x5F,0x50,0x00,0xAF,0xD0,0x00,0x2F,0x80,0x1F,0x80,0x00,0xED,0xF1,0x00,0x5F,0x40,0x0D,0xC0,0x03,0xF4,0xF5,0x00,0x9F,0x00,0x09,0xF0,0x07,0xF0,0xC9,0x00,0xDC,0x00,0x05,0xF3,0x0B,0xB0,0x8E,0x00,0xF8,0x00,0x01,0xF6,0x0F,0x60,0x4F,0x24,0xF4,0x00,0x00,0xDA,0x4F,0x20,0x0F,0x67,0xF0,0x00,0x00,0x9D,0x8E,0x00,0x0B,0xAB,0xC0,0x00,0x00,0x5F,0xD9,0x00,0x07,0xEE,0x80,0x00,0x00,0x1F,0xF5,0x00,0x02,0xFF,0x40,0x00,0x00,0x0D,0xF1,0x00,0x00,0xEF,0x00,0x00};
static GUI_CONST_STORAGE GUI_CHARINFO_EXT glyph_0057 = {15,12,0,1,15,bitmap_0057};
static GUI_CONST_STORAGE unsigned char bitmap_0058[] = {0x2F,0xD0,0x00,0x00,0xED,0x00,0x07,0xF7,0x00,0x08,0xF4,0x00,0x00,0xCF,0x20,0x3F,0x90,0x00,0x00,0x2F,0xB0,0xCE,0x00,0x00,0x00,0x07,0xFB,0xF4,0x00,0x00,0x00,0x00,0xDF,0xA0,0x00,0x00,0x00,0x00,0xEF,0xB0,0x00,0x00,0x00,0x09,0xF8,0xF6,0x00,0x00,0x00,0x4F,0x70,0xBF,0x20,0x00,0x01,0xED,0x00,0x2F,0xB0,0x00,0x0A,0xF3,0x00,0x07,0xF6,0x00,0x5F,0x80,0x00,0x00,0xDF,0x10};
static GUI_CONST_STORAGE GUI_CHARINFO_EXT glyph_0058 = {11,12,0,1,11,bitmap_0058};
static GUI_CONST_STORAGE unsigned char bitmap_0059[] = {0x6F,0x60,0x00,0x00,0x8F,0x40,0x0C,0xE1,0x00,0x02,0xFA,0x00,0x03,0xF8,0x00,0x0A,0xF1,0x00,0x00,0x9F,0x20,0x3F,0x70,0x00,0x00,0x1E,0xA0,0xCD,0x00,0x00,0x00,0x06,0xF9,0xF4,0x00,0x00,0x00,0x00,0xCF,0xA0,0x00,0x00,0x00,0x00,0x5F,0x30,0x00,0x00,0x00,0x00,0x5F,0x30,0x00,0x00,0x00,0x00,0x5F,0x30,0x00,0x00,0x00,0x00,0x5F,0x30,0x00,0x00,0x00,0x00,0x5F,0x30,0x00,0x00};
static GUI_CONST_STORAGE GUI_CHARINFO_EXT glyph_0059 = {11,12,0,1,11,bitmap_0059};
static GUI_CONST_STORAGE unsigned char bitmap_005A[] = {0x1F,0xFF,0xFF,0xFF,0xF6,0x04,0x44,0x44,0x4E,0xF3,0x00,0x00,0x00,0x8F,0x70,0x00,0x00,0x03,0xFB,0x00,0x00,0x00,0x1E,0xE1,0x00,0x00,0x00,0xBF,0x30,0x00,0x00,0x07,0xF7,0x00,0x00,0x00,0x3F,0xB0,0x00,0x00,0x00,0xDE,0x10,0x00,0x00,0x0A,0xF4,0x00,0x00,0x00,0x5F,0xB4,0x44,0x44,0x41,0xAF,0xFF,0xFF,0xFF,0xF6};
static GUI_CONST_STORAGE GUI_CHARINFO_EXT glyph_005A = {10,12,0,1,10,bitmap_005A};
static GUI_CONST_STORAGE unsigned char bitmap_005B[] = {0xFF,0xF0,0xF8,0x40,0xF5,0x00,0xF5,0x00,0xF5,0x00,0xF5,0x00,0xF5,0x00,0xF5,0x00,0xF5,0x00,0xF5,0x00,0xF5,0x00,0xF5,0x00,0xF5,0x00,0xF8,0x40,0xFF,0xF0};
static GUI_CONST_STORAGE GUI_CHARINFO_EXT glyph_005B = {3,15,1,1,4,bitmap_005B};
static GUI_CONST_STORAGE unsigned char bitmap_005C[] = {0x5D,0x00,0x00,0x00,0x0F,0x30,0x00,0x00,0x09,0x90,0x00,0x00,0x03,0xF0,0x00,0x00,0x00,0xD5,0x00,0x00,0x00,0x8B,0x00,0x00,0x00,0x2F,0x10,0x00,0x00,0x0C,0x70,0x00,0x00,0x06,0xD0,0x00,0x00,0x00,0xF3,0x00,0x00,0x00,0xA9,0x00,0x00,0x00,0x4E,0x00};
static GUI_CONST_STORAGE GUI_CHARINFO_EXT glyph_005C = {7,12,-1,1,4,bitmap_005C};
static GUI_CONST_STORAGE unsigned char bitmap_005D[] = {0xAF,0xF6,0x24,0xF6,0x00,0xF6,0x00,0xF6,0x00,0xF6,0x00,0xF6,0x00,0xF6,0x00,0xF6,0x00,0xF6,0x00,0xF6,0x00,0xF6,0x00,0xF6,0x00,0xF6,0x24,0xF6,0xAF,0xF6};
static GUI_CONST_STORAGE GUI_CHARINFO_EXT glyph_005D = {4,15,0,1,4,bitmap_005D};
static GUI_CONST_STORAGE unsigned char bitmap_005E[] = {0x00,0x08,0xF1,0x00,0x00,0x0E,0xF7,0x00,0x00,0x4E,0x6D,0x00,0x00,0xB9,0x0F,0x40,0x01,0xF2,0x09,0xA0,0x07,0xC0,0x03,0xF1,0x0D,0x60,0x00,0xC7};
static GUI_CONST_STORAGE GUI_CHARINFO_EXT glyph_005E = {8,7,0,1,8,bitmap_005E};
static GUI_CONST_STORAGE unsigned char bitmap_005F[] = {0x00,0x00,0x00,0x00,0x00,0xFF,0xFF,0xFF,0xFF,0xE0,0x33,0x33,0x33,0x33,0x30};
static GUI_CONST_STORAGE GUI_CHARINFO_EXT glyph_005F = {9,3,0,13,9,bitmap_005F};
static GUI_CONST_STORAGE unsigned char bitmap_0060[] = {0x4F,0x50,0x07,0xD0,0x00,0x62};
static GUI_CONST_STORAGE GUI_CHARINFO_EXT glyph_0060 = {4,3,0,1,5,bitmap_0060};
static GUI_CONST_STORAGE unsigned char bitmap_0061[] = {0x00,0x8E,0xFD,0x70,0x00,0x09,0xE6,0x48,0xF6,0x00,0x0B,0x60,0x00,0xC9,0x00,0x00,0x02,0x46,0xFA,0x00,0x05,0xEF,0xDA,0xEA,0x00,0x2F,0x80,0x00,0xCA,0x00,0x5F,0x20,0x01,0xFA,0x00,0x2F,0xB4,0x6D,0xEC,0x20,0x05,0xDF,0xC4,0x5F,0x80};
static GUI_CONST_STORAGE GUI_CHARINFO_EXT glyph_0061 = {9,9,0,4,9,bitmap_0061};
static GUI_CONST_STORAGE unsigned char bitmap_0062[] = {0x1F,0x40,0x00,0x00,0x00,0x1F,0x40,0x00,0x00,0x00,0x1F,0x40,0x00,0x00,0x00,0x1F,0x6B,0xFE,0x80,0x00,0x1F,0xF9,0x58,0xF9,0x00,0x1F,0xA0,0x00,0x9F,0x10,0x1F,0x50,0x00,0x3F,0x30,0x1F,0x30,0x00,0x2F,0x40,0x1F,0x50,0x00,0x4F,0x20,0x1F,0x90,0x00,0x9D,0x00,0x1F,0xF8,0x48,0xF6,0x00,0x1F,0x5B,0xFE,0x70,0x00};
static GUI_CONST_STORAGE GUI_CHARINFO_EXT glyph_0062 = {9,12,0,1,9,bitmap_0062};
static GUI_CONST_STORAGE unsigned char bitmap_0063[] = {0x00,0x8E,0xFC,0x40,0x0A,0xF7,0x4A,0xF2,0x2F,0x60,0x00,0xE7,0x6F,0x10,0x00,0x00,0x8F,0x00,0x00,0x00,0x6F,0x00,0x00,0x32,0x3F,0x50,0x01,0xF6,0x0B,0xE6,0x5C,0xE1,0x00,0x9F,0xEB,0x20};
static GUI_CONST_STORAGE GUI_CHARINFO_EXT glyph_0063 = {8,9,0,4,8,bitmap_0063};
static GUI_CONST_STORAGE unsigned char bitmap_0064[] = {0x00,0x00,0x00,0x8D,0x00,0x00,0x00,0x8D,0x00,0x00,0x00,0x8D,0x00,0x9E,0xF9,0x8D,0x0A,0xF7,0x5B,0xFD,0x2F,0x60,0x00,0xDD,0x6F,0x00,0x00,0x8D,0x8F,0x00,0x00,0x7D,0x7F,0x00,0x00,0x9D,0x4F,0x50,0x00,0xED,0x0B,0xF7,0x5B,0xED,0x00,0xAF,0xE8,0x6D};
static GUI_CONST_STORAGE GUI_CHARINFO_EXT glyph_0064 = {8,12,0,1,9,bitmap_0064};
static GUI_CONST_STORAGE unsigned char bitmap_0065[] = {0x00,0x00,0x00,0x00,0x00,0x00,0x6D,0xFD,0x50,0x00,0x07,0xF8,0x48,0xF6,0x00,0x1F,0x80,0x00,0x9E,0x00,0x5F,0x30,0x00,0x5F,0x10,0x6F,0xFF,0xFF,0xFF,0x20,0x5F,0x53,0x33,0x33,0x00,0x2F,0x60,0x00,0x6B,0x00,0x09,0xF7,0x48,0xF7,0x00,0x00,0x8E,0xFD,0x60,0x00};
static GUI_CONST_STORAGE GUI_CHARINFO_EXT glyph_0065 = {9,10,0,3,9,bitmap_0065};
static GUI_CONST_STORAGE unsigned char bitmap_0066[] = {0x02,0xCF,0x20,0x09,0xF4,0x00,0x09,0xD0,0x00,0xCF,0xFF,0x30,0x3B,0xD4,0x00,0x09,0xC0,0x00,0x09,0xC0,0x00,0x09,0xC0,0x00,0x09,0xC0,0x00,0x09,0xC0,0x00,0x09,0xC0,0x00,0x09,0xC0,0x00};
static GUI_CONST_STORAGE GUI_CHARINFO_EXT glyph_0066 = {5,12,0,1,4,bitmap_0066};
static GUI_CONST_STORAGE unsigned char bitmap_0067[] = {0x00,0x00,0x00,0x00,0x00,0x9E,0xE9,0x8D,0x0A,0xE6,0x5B,0xFD,0x2F,0x50,0x00,0xED,0x6F,0x00,0x00,0x9D,0x7F,0x00,0x00,0x8D,0x7F,0x00,0x00,0x9D,0x4F,0x40,0x00,0xED,0x0D,0xE6,0x5C,0xFC,0x01,0xAE,0xE9,0x9B,0x14,0x10,0x00,0xC9,0x0F,0xC5,0x49,0xF2,0x03,0xBF,0xFC,0x40};
static GUI_CONST_STORAGE GUI_CHARINFO_EXT glyph_0067 = {8,13,0,3,9,bitmap_0067};
static GUI_CONST_STORAGE unsigned char bitmap_0068[] = {0xF7,0x00,0x00,0x00,0xF7,0x00,0x00,0x00,0xF7,0x00,0x00,0x00,0xF7,0x9E,0xFA,0x00,0xFE,0xA5,0x7F,0x80,0xFC,0x00,0x0B,0xC0,0xF7,0x00,0x09,0xD0,0xF7,0x00,0x09,0xD0,0xF7,0x00,0x09,0xD0,0xF7,0x00,0x09,0xD0,0xF7,0x00,0x09,0xD0,0xF7,0x00,0x09,0xD0};
static GUI_CONST_STORAGE GUI_CHARINFO_EXT glyph_0068 = {7,12,1,1,9,bitmap_0068};
static GUI_CONST_STORAGE unsigned char bitmap_0069[] = {0xF7,0x41,0x00,0xF7,0xF7,0xF7,0xF7,0xF7,0xF7,0xF7,0xF7,0xF7};
static GUI_CONST_STORAGE GUI_CHARINFO_EXT glyph_0069 = {2,12,1,1,4,bitmap_0069};
static GUI_CONST_STORAGE unsigned char bitmap_006A[] = {0x00,0xF7,0x00,0x41,0x00,0x00,0x00,0xF7,0x00,0xF7,0x00,0xF7,0x00,0xF7,0x00,0xF7,0x00,0xF7,0x00,0xF7,0x00,0xF7,0x00,0xF7,0x00,0xF6,0x16,0xF5,0x4F,0xB0};
static GUI_CONST_STORAGE GUI_CHARINFO_EXT glyph_006A = {4,15,-1,1,4,bitmap_006A};
static GUI_CONST_STORAGE unsigned char bitmap_006B[] = {0xF5,0x00,0x00,0x00,0xF5,0x00,0x00,0x00,0xF5,0x00,0x00,0x00,0xF5,0x00,0x7F,0x50,0xF5,0x06,0xF6,0x00,0xF5,0x5F,0x70,0x00,0xFA,0xFB,0x00,0x00,0xFF,0xDF,0x30,0x00,0xF9,0x0D,0xC0,0x00,0xF5,0x05,0xF6,0x00,0xF5,0x00,0xBE,0x10,0xF5,0x00,0x2F,0xA0};
static GUI_CONST_STORAGE GUI_CHARINFO_EXT glyph_006B = {7,12,1,1,8,bitmap_006B};
static GUI_CONST_STORAGE unsigned char bitmap_006C[] = {0xE7,0xE7,0xE7,0xE7,0xE7,0xE7,0xE7,0xE7,0xE7,0xE7,0xE7,0xE7};
static GUI_CONST_STORAGE GUI_CHARINFO_EXT glyph_006C = {2,12,1,1,4,bitmap_006C};
static GUI_CONST_STORAGE unsigned char bitmap_006D[] = {0xF7,0x8E,0xE6,0x2B,0xFD,0x50,0xFE,0xA5,0xAF,0xD8,0x4B,0xF0,0xFC,0x00,0x2F,0xA0,0x03,0xF3,0xF7,0x00,0x1F,0x60,0x02,0xF4,0xF7,0x00,0x1F,0x60,0x02,0xF4,0xF7,0x00,0x1F,0x60,0x02,0xF4,0xF7,0x00,0x1F,0x60,0x02,0xF4,0xF7,0x00,0x1F,0x60,0x02,0xF4,0xF7,0x00,0x1F,0x60,0x02,0xF4};
static GUI_CONST_STORAGE GUI_CHARINFO_EXT glyph_006D = {12,9,1,4,13,bitmap_006D};
static GUI_CONST_STORAGE unsigned char bitmap_006E[] = {0x00,0x00,0x00,0x00,0xF6,0x8E,0xFA,0x10,0xFE,0xA5,0x7F,0x80,0xFC,0x00,0x0B,0xC0,0xF7,0x00,0x09,0xD0,0xF7,0x00,0x09,0xD0,0xF7,0x00,0x09,0xD0,0xF7,0x00,0x09,0xD0,0xF7,0x00,0x09,0xD0,0xF7,0x00,0x09,0xD0};
static GUI_CONST_STORAGE GUI_CHARINFO_EXT glyph_006E = {7,10,1,3,9,bitmap_006E};
static GUI_CONST_STORAGE unsigned char bitmap_006F[] = {0x00,0x8E,0xFD,0x60,0x00,0x09,0xF7,0x48,0xF7,0x00,0x2F,0x60,0x00,0x9F,0x00,0x6F,0x00,0x00,0x4F,0x30,0x8E,0x00,0x00,0x3F,0x30,0x7F,0x00,0x00,0x5F,0x10,0x3F,0x50,0x00,0xAD,0x00,0x0B,0xF7,0x48,0xF5,0x00,0x00,0x9E,0xFD,0x50,0x00};
static GUI_CONST_STORAGE GUI_CHARINFO_EXT glyph_006F = {9,9,0,4,9,bitmap_006F};
static GUI_CONST_STORAGE unsigned char bitmap_0070[] = {0x1F,0x59,0xFE,0x80,0x00,0x1F,0xE9,0x48,0xF8,0x00,0x1F,0xB0,0x00,0x8F,0x00,0x1F,0x60,0x00,0x3F,0x30,0x1F,0x40,0x00,0x2F,0x40,0x1F,0x50,0x00,0x4F,0x30,0x1F,0xA0,0x00,0x9F,0x00,0x1F,0xF8,0x49,0xF7,0x00,0x1F,0x7B,0xFD,0x70,0x00,0x1F,0x50,0x00,0x00,0x00,0x1F,0x50,0x00,0x00,0x00,0x1F,0x50,0x00,0x00,0x00};
static GUI_CONST_STORAGE GUI_CHARINFO_EXT glyph_0070 = {9,12,0,4,9,bitmap_0070};
static GUI_CONST_STORAGE unsigned char bitmap_0071[] = {0x00,0x9E,0xE9,0x8D,0x09,0xF7,0x5B,0xFD,0x2F,0x60,0x00,0xDD,0x6F,0x00,0x00,0x9D,0x7F,0x00,0x00,0x8D,0x7F,0x00,0x00,0x9D,0x4F,0x50,0x00,0xED,0x0C,0xE6,0x5B,0xFD,0x01,0xAF,0xE9,0x9D,0x00,0x00,0x00,0x9D,0x00,0x00,0x00,0x9D,0x00,0x00,0x00,0x9D};
static GUI_CONST_STORAGE GUI_CHARINFO_EXT glyph_0071 = {8,12,0,4,9,bitmap_0071};
static GUI_CONST_STORAGE unsigned char bitmap_0072[] = {0x00,0x00,0x00,0xE6,0x9F,0x20,0xEE,0xA5,0x00,0xEC,0x00,0x00,0xE8,0x00,0x00,0xE7,0x00,0x00,0xE7,0x00,0x00,0xE7,0x00,0x00,0xE7,0x00,0x00,0xE7,0x00,0x00};
static GUI_CONST_STORAGE GUI_CHARINFO_EXT glyph_0072 = {5,10,1,3,5,bitmap_0072};
static GUI_CONST_STORAGE unsigned char bitmap_0073[] = {0x02,0xBF,0xFB,0x20,0x0E,0xB4,0x5D,0xD0,0x3F,0x40,0x02,0xA0,0x0E,0xD7,0x20,0x00,0x02,0x9E,0xFE,0x70,0x00,0x00,0x28,0xF4,0x6F,0x00,0x00,0xF5,0x1F,0xB5,0x5B,0xF1,0x04,0xCF,0xEB,0x30};
static GUI_CONST_STORAGE GUI_CHARINFO_EXT glyph_0073 = {8,9,0,4,8,bitmap_0073};
static GUI_CONST_STORAGE unsigned char bitmap_0074[] = {0x05,0x50,0x00,0x0B,0xB0,0x00,0x0B,0xB0,0x00,0xDF,0xFF,0x10,0x3C,0xC4,0x00,0x0B,0xB0,0x00,0x0B,0xB0,0x00,0x0B,0xB0,0x00,0x0B,0xB0,0x00,0x0B,0xB0,0x00,0x0A,0xE4,0x00,0x04,0xEF,0x10};
static GUI_CONST_STORAGE GUI_CHARINFO_EXT glyph_0074 = {5,12,0,1,4,bitmap_0074};
static GUI_CONST_STORAGE unsigned char bitmap_0075[] = {0x00,0x00,0x00,0x00,0xF7,0x00,0x0A,0xB0,0xF7,0x00,0x0A,0xB0,0xF7,0x00,0x0A,0xB0,0xF7,0x00,0x0A,0xB0,0xF7,0x00,0x0A,0xB0,0xF7,0x00,0x0B,0xB0,0xF8,0x00,0x0F,0xB0,0xBE,0x32,0xAF,0xB0,0x2B,0xFE,0x89,0xB0};
static GUI_CONST_STORAGE GUI_CHARINFO_EXT glyph_0075 = {7,10,1,3,9,bitmap_0075};
static GUI_CONST_STORAGE unsigned char bitmap_0076[] = {0xBD,0x00,0x00,0xDA,0x6F,0x20,0x02,0xF4,0x1F,0x70,0x08,0xE0,0x0B,0xC0,0x0D,0x90,0x05,0xF1,0x2F,0x30,0x00,0xF6,0x7E,0x00,0x00,0xAB,0xC8,0x00,0x00,0x5F,0xF3,0x00,0x00,0x0F,0xD0,0x00};
static GUI_CONST_STORAGE GUI_CHARINFO_EXT glyph_0076 = {8,9,0,4,8,bitmap_0076};
static GUI_CONST_STORAGE unsigned char bitmap_0077[] = {0xBC,0x00,0x3F,0x90,0x04,0xF2,0x7F,0x00,0x6F,0xD0,0x08,0xD0,0x3F,0x40,0xAC,0xF1,0x0C,0x90,0x0E,0x70,0xE5,0xF4,0x0F,0x50,0x0A,0xB1,0xF1,0xB8,0x3F,0x00,0x06,0xE5,0xD0,0x7C,0x7C,0x00,0x01,0xFB,0x90,0x3F,0xC8,0x00,0x00,0xDF,0x60,0x0F,0xF3,0x00,0x00,0x9F,0x20,0x0C,0xF0,0x00};
static GUI_CONST_STORAGE GUI_CHARINFO_EXT glyph_0077 = {12,9,0,4,12,bitmap_0077};
static GUI_CONST_STORAGE unsigned char bitmap_0078[] = {0x7F,0x50,0x06,0xF5,0x0C,0xE0,0x1E,0xA0,0x03,0xF8,0x9F,0x10,0x00,0x8F,0xF6,0x00,0x00,0x2F,0xF0,0x00,0x00,0xAF,0xF8,0x00,0x04,0xF6,0x9F,0x20,0x0E,0xC0,0x1E,0xC0,0x9F,0x30,0x05,0xF7};
static GUI_CONST_STORAGE GUI_CHARINFO_EXT glyph_0078 = {8,9,0,4,8,bitmap_0078};
static GUI_CONST_STORAGE unsigned char bitmap_0079[] = {0x00,0x00,0x00,0x00,0xAE,0x00,0x00,0xEA,0x4F,0x30,0x03,0xF4,0x0E,0x90,0x08,0xE0,0x09,0xE0,0x0E,0x90,0x03,0xF3,0x3F,0x30,0x00,0xD8,0x8D,0x00,0x00,0x8D,0xD8,0x00,0x00,0x2F,0xF2,0x00,0x00,0x0D,0xC0,0x00,0x00,0x1F,0x50,0x00,0x05,0xAE,0x00,0x00,0x1F,0xD4,0x00,0x00};
static GUI_CONST_STORAGE GUI_CHARINFO_EXT glyph_0079 = {8,13,0,3,8,bitmap_0079};
static GUI_CONST_STORAGE unsigned char bitmap_007A[] = {0x00,0x00,0x00,0x00,0x3F,0xFF,0xFF,0xF4,0x04,0x44,0x4E,0xE1,0x00,0x00,0x8F,0x40,0x00,0x04,0xF8,0x00,0x00,0x1E,0xB0,0x00,0x00,0xCE,0x10,0x00,0x08,0xF4,0x00,0x00,0x4F,0xB4,0x44,0x41,0x9F,0xFF,0xFF,0xF6};
static GUI_CONST_STORAGE GUI_CHARINFO_EXT glyph_007A = {8,10,0,3,8,bitmap_007A};
static GUI_CONST_STORAGE unsigned char bitmap_007B[] = {0x00,0x00,0x02,0x00,0x04,0xED,0x00,0x0D,0x90,0x00,0x1F,0x20,0x00,0x3F,0x10,0x00,0x3F,0x00,0x00,0x5F,0x00,0x02,0xD9,0x00,0x5F,0x90,0x00,0x04,0xE7,0x00,0x00,0x5E,0x00,0x00,0x3F,0x00,0x00,0x3F,0x10,0x00,0x2F,0x20,0x00,0x0E,0x70,0x00,0x04,0xEB,0x00,0x00,0x04};
static GUI_CONST_STORAGE GUI_CHARINFO_EXT glyph_007B = {6,17,-1,0,5,bitmap_007B};
static GUI_CONST_STORAGE unsigned char bitmap_007C[] = {0xE7,0xE7,0xE7,0xE7,0xE7,0xE7,0xE7,0xE7,0xE7,0xE7,0xE7,0xE7};
static GUI_CONST_STORAGE GUI_CHARINFO_EXT glyph_007C = {2,12,1,1,4,bitmap_007C};
static GUI_CONST_STORAGE unsigned char bitmap_007D[] = {0x10,0x00,0x00,0x8F,0x70,0x00,0x04,0xF3,0x00,0x00,0xC7,0x00,0x00,0xB8,0x00,0x00,0xB8,0x00,0x00,0x9A,0x00,0x00,0x4F,0x50,0x00,0x05,0xEA,0x00,0x2F,0x71,0x00,0x9B,0x00,0x00,0xB8,0x00,0x00,0xB8,0x00,0x00,0xC7,0x00,0x02,0xF4,0x00,0x6F,0x90,0x00,0x31,0x00,0x00};
static GUI_CONST_STORAGE GUI_CHARINFO_EXT glyph_007D = {6,17,0,0,5,bitmap_007D};
static GUI_CONST_STORAGE unsigned char bitmap_007E[] = {0x00,0x00,0x00,0x00,0x74,0x1C,0xFE,0xA5,0x13,0xE1,0x9A,0x35,0xAE,0xFF,0x60,0x20,0x00,0x00,0x21,0x00};
static GUI_CONST_STORAGE GUI_CHARINFO_EXT glyph_007E = {10,4,0,7,9,bitmap_007E};
static GUI_CONST_STORAGE unsigned char bitmap_0410[] = {0x00,0x01,0xE9,0x00,0x00,0x00,0x07,0xDE,0x10,0x00,0x00,0x0D,0x7D,0x70,0x00,0x00,0x4F,0x17,0xD0,0x00,0x00,0xBA,0x02,0xF4,0x00,0x02,0xF4,0x00,0xBA,0x00,0x08,0xFF,0xFF,0xFF,0x20,0x0E,0x83,0x33,0x3E,0x80,0x6E,0x10,0x00,0x08,0xE0,0xC9,0x00,0x00,0x01,0xF5};
static GUI_CONST_STORAGE GUI_CHARINFO_EXT glyph_0410 = {10,10,0,3,10,bitmap_0410};
static GUI_CONST_STORAGE unsigned char bitmap_0411[] = {0x8F,0xFF,0xFF,0xC0,0x8C,0x11,0x11,0x10,0x8C,0x00,0x00,0x00,0x8C,0x00,0x00,0x00,0x8F,0xEE,0xDA,0x30,0x8D,0x22,0x4A,0xE2,0x8C,0x00,0x01,0xF6,0x8C,0x00,0x01,0xF5,0x8C,0x11,0x3A,0xE1,0x8F,0xFF,0xEB,0x40};
static GUI_CONST_STORAGE GUI_CHARINFO_EXT glyph_0411 = {8,10,1,3,9,bitmap_0411};
static GUI_CONST_STORAGE unsigned char bitmap_0412[] = {0x8F,0xFF,0xEC,0x70,0x8C,0x11,0x27,0xF6,0x8C,0x00,0x00,0xD8,0x8C,0x00,0x05,0xE3,0x8F,0xEE,0xFE,0x40,0x8D,0x22,0x37,0xE5,0x8C,0x00,0x00,0x9D,0x8C,0x00,0x00,0x9D,0x8C,0x11,0x26,0xF8,0x8F,0xFF,0xEC,0x70};
static GUI_CONST_STORAGE GUI_CHARINFO_EXT glyph_0412 = {8,10,1,3,10,bitmap_0412};
static GUI_CONST_STORAGE unsigned char bitmap_0414[] = {0x00,0x05,0xFF,0xFF,0xA0,0x00,0x00,0x07,0xD1,0x1A,0xA0,0x00,0x00,0x0A,0xA0,0x0A,0xA0,0x00,0x00,0x0D,0x70,0x0A,0xA0,0x00,0x00,0x2F,0x30,0x0A,0xA0,0x00,0x00,0x8D,0x00,0x0A,0xA0,0x00,0x00,0xD7,0x00,0x0A,0xA0,0x00,0x05,0xE1,0x00,0x0A,0xA0,0x00,0x1D,0x91,0x11,0x1A,0xA1,0x00,0xEF,0xFF,0xFF,0xFF,0xFF,0x00,0xE6,0x00,0x00,0x00,0x4F,0x00,0xE6,0x00,0x00,0x00,0x4F,0x00,0xD5,0x00,0x00,0x00,0x3E,0x00};
static GUI_CONST_STORAGE GUI_CHARINFO_EXT glyph_0414 = {11,13,0,3,10,bitmap_0414};
static GUI_CONST_STORAGE unsigned char bitmap_0417[] = {0x06,0xBE,0xFD,0x80,0x2A,0x52,0x25,0xE8,0x00,0x00,0x00,0xAB,0x00,0x00,0x16,0xE5,0x03,0xEF,0xFC,0x40,0x00,0x22,0x38,0xE6,0x00,0x00,0x00,0x8E,0x00,0x00,0x00,0x8E,0x47,0x32,0x27,0xF8,0x3B,0xEF,0xEC,0x60};
static GUI_CONST_STORAGE GUI_CHARINFO_EXT glyph_0417 = {8,10,0,3,9,bitmap_0417};
static GUI_CONST_STORAGE unsigned char bitmap_0418[] = {0x8B,0x00,0x00,0x0B,0xF1,0x8B,0x00,0x00,0x6E,0xF1,0x8B,0x00,0x02,0xE6,0xF1,0x8B,0x00,0x0B,0x92,0xF1,0x8B,0x00,0x6D,0x13,0xF1,0x8B,0x02,0xE3,0x03,0xF1,0x8B,0x0B,0x70,0x03,0xF1,0x8A,0x6B,0x00,0x03,0xF1,0x8C,0xD2,0x00,0x03,0xF1,0x8F,0x50,0x00,0x03,0xF1};
static GUI_CONST_STORAGE GUI_CHARINFO_EXT glyph_0418 = {10,10,1,3,12,bitmap_0418};
static GUI_CONST_STORAGE unsigned char bitmap_041A[] = {0x8C,0x00,0x01,0xD9,0x00,0x8C,0x00,0x1D,0x90,0x00,0x8C,0x01,0xCA,0x00,0x00,0x8C,0x1C,0xA0,0x00,0x00,0x8D,0xCB,0x00,0x00,0x00,0x8C,0x9D,0x20,0x00,0x00,0x8C,0x0A,0xD1,0x00,0x00,0x8C,0x00,0xBC,0x10,0x00,0x8C,0x00,0x0B,0xC1,0x00,0x8C,0x00,0x01,0xCB,0x10};
static GUI_CONST_STORAGE GUI_CHARINFO_EXT glyph_041A = {9,10,1,3,9,bitmap_041A};
static GUI_CONST_STORAGE unsigned char bitmap_041C[] = {0x8F,0xA0,0x00,0x00,0x1E,0xF2,0x8D,0xF1,0x00,0x00,0x7D,0xF2,0x8A,0xD7,0x00,0x00,0xD8,0xF2,0x8A,0x7D,0x00,0x04,0xE3,0xF2,0x8B,0x1F,0x40,0x0A,0x83,0xF2,0x8B,0x09,0xA0,0x2F,0x23,0xF2,0x8B,0x03,0xF1,0x7B,0x03,0xF2,0x8B,0x00,0xC7,0xD5,0x03,0xF2,0x8B,0x00,0x6F,0xD0,0x03,0xF2,0x8B,0x00,0x1E,0x80,0x03,0xF2};
static GUI_CONST_STORAGE GUI_CHARINFO_EXT glyph_041C = {12,10,1,3,14,bitmap_041C};
static GUI_CONST_STORAGE unsigned char bitmap_041D[] = {0x8C,0x00,0x00,0x0B,0xA0,0x8C,0x00,0x00,0x0B,0xA0,0x8C,0x00,0x00,0x0B,0xA0,0x8C,0x00,0x00,0x0B,0xA0,0x8F,0xEE,0xEE,0xEF,0xA0,0x8D,0x22,0x22,0x2B,0xA0,0x8C,0x00,0x00,0x0B,0xA0,0x8C,0x00,0x00,0x0B,0xA0,0x8C,0x00,0x00,0x0B,0xA0,0x8C,0x00,0x00,0x0B,0xA0};
static GUI_CONST_STORAGE GUI_CHARINFO_EXT glyph_041D = {9,10,1,3,11,bitmap_041D};
static GUI_CONST_STORAGE unsigned char bitmap_041E[] = {0x00,0x18,0xDE,0xEC,0x60,0x00,0x01,0xDC,0x42,0x26,0xE9,0x00,0x08,0xE1,0x00,0x00,0x4F,0x40,0x0E,0x80,0x00,0x00,0x0D,0x90,0x0F,0x60,0x00,0x00,0x0A,0xB0,0x0F,0x60,0x00,0x00,0x0A,0xB0,0x0D,0x80,0x00,0x00,0x0D,0x90,0x08,0xE1,0x00,0x00,0x4F,0x40,0x01,0xDC,0x42,0x26,0xE9,0x00,0x00,0x18,0xDE,0xEC,0x60,0x00};
static GUI_CONST_STORAGE GUI_CHARINFO_EXT glyph_041E = {11,10,0,3,12,bitmap_041E};
static GUI_CONST_STORAGE unsigned char bitmap_041F[] = {0x8F,0xFF,0xFF,0xFF,0x80,0x8C,0x11,0x11,0x1D,0x80,0x8C,0x00,0x00,0x0D,0x80,0x8C,0x00,0x00,0x0D,0x80,0x8C,0x00,0x00,0x0D,0x80,0x8C,0x00,0x00,0x0D,0x80,0x8C,0x00,0x00,0x0D,0x80,0x8C,0x00,0x00,0x0D,0x80,0x8C,0x00,0x00,0x0D,0x80,0x8C,0x00,0x00,0x0D,0x80};
static GUI_CONST_STORAGE GUI_CHARINFO_EXT glyph_041F = {9,10,1,3,11,bitmap_041F};
static GUI_CONST_STORAGE unsigned char bitmap_0420[] = {0x8F,0xFF,0xEA,0x20,0x8C,0x12,0x4C,0xD0,0x8C,0x00,0x03,0xF3,0x8C,0x00,0x03,0xF3,0x8C,0x00,0x3B,0xD0,0x8F,0xEF,0xEA,0x20,0x8D,0x21,0x00,0x00,0x8C,0x00,0x00,0x00,0x8C,0x00,0x00,0x00,0x8C,0x00,0x00,0x00};
static GUI_CONST_STORAGE GUI_CHARINFO_EXT glyph_0420 = {8,10,1,3,9,bitmap_0420};
static GUI_CONST_STORAGE unsigned char bitmap_0421[] = {0x00,0x07,0xCE,0xED,0x80,0x00,0xCD,0x62,0x25,0x60,0x08,0xF2,0x00,0x00,0x00,0x0D,0x90,0x00,0x00,0x00,0x0F,0x60,0x00,0x00,0x00,0x0F,0x60,0x00,0x00,0x00,0x0D,0x90,0x00,0x00,0x00,0x08,0xE2,0x00,0x00,0x00,0x01,0xDD,0x52,0x23,0x30,0x00,0x18,0xDF,0xED,0x60};
static GUI_CONST_STORAGE GUI_CHARINFO_EXT glyph_0421 = {9,10,0,3,9,bitmap_0421};
static GUI_CONST_STORAGE unsigned char bitmap_0422[] = {0xDF,0xFF,0xFF,0xFF,0x30,0x11,0x18,0xD1,0x11,0x00,0x00,0x08,0xD0,0x00,0x00,0x00,0x08,0xD0,0x00,0x00,0x00,0x08,0xD0,0x00,0x00,0x00,0x08,0xD0,0x00,0x00,0x00,0x08,0xD0,0x00,0x00,0x00,0x08,0xD0,0x00,0x00,0x00,0x08,0xD0,0x00,0x00,0x00,0x08,0xD0,0x00,0x00};
static GUI_CONST_STORAGE GUI_CHARINFO_EXT glyph_0422 = {9,10,0,3,8,bitmap_0422};
static GUI_CONST_STORAGE unsigned char bitmap_0423[] = {0x8D,0x10,0x00,0x04,0xF2,0x1E,0x70,0x00,0x0B,0x90,0x07,0xE1,0x00,0x3F,0x20,0x00,0xD8,0x00,0xAA,0x00,0x00,0x5F,0x22,0xF3,0x00,0x00,0x0C,0x99,0xA0,0x00,0x00,0x03,0xFF,0x30,0x00,0x00,0x00,0xDB,0x00,0x00,0x12,0x28,0xE2,0x00,0x00,0x4E,0xFC,0x30,0x00,0x00};
static GUI_CONST_STORAGE GUI_CHARINFO_EXT glyph_0423 = {10,10,0,3,9,bitmap_0423};
static GUI_CONST_STORAGE unsigned char bitmap_0424[] = {0x00,0x4A,0xDF,0xFD,0xB5,0x00,0x06,0xF8,0x3A,0xB3,0x7F,0x70,0x0E,0x70,0x0A,0xA0,0x07,0xE1,0x3F,0x30,0x0A,0xA0,0x02,0xF3,0x3F,0x30,0x0A,0xA0,0x02,0xF3,0x0E,0x70,0x0A,0xA0,0x06,0xF1,0x07,0xE6,0x1A,0xA0,0x5E,0x80,0x00,0x6D,0xFF,0xFF,0xD7,0x00,0x00,0x00,0x1A,0xB1,0x00,0x00,0x00,0x00,0x0A,0xA0,0x00,0x00};
static GUI_CONST_STORAGE GUI_CHARINFO_EXT glyph_0424 = {12,10,0,3,12,bitmap_0424};
static GUI_CONST_STORAGE unsigned char bitmap_0426[] = {0x8C,0x00,0x00,0x0D,0x80,0x8C,0x00,0x00,0x0D,0x80,0x8C,0x00,0x00,0x0D,0x80,0x8C,0x00,0x00,0x0D,0x80,0x8C,0x00,0x00,0x0D,0x80,0x8C,0x00,0x00,0x0D,0x80,0x8C,0x00,0x00,0x0D,0x80,0x8C,0x00,0x00,0x0D,0x80,0x8D,0x33,0x33,0x3D,0x92,0x8F,0xFF,0xFF,0xFF,0xFC,0x00,0x00,0x00,0x00,0x7C,0x00,0x00,0x00,0x00,0x7C,0x00,0x00,0x00,0x00,0x6A};
static GUI_CONST_STORAGE GUI_CHARINFO_EXT glyph_0426 = {10,13,1,3,11,bitmap_0426};
static GUI_CONST_STORAGE unsigned char bitmap_0427[] = {0xC8,0x00,0x00,0x5F,0x00,0xC8,0x00,0x00,0x5F,0x00,0xC8,0x00,0x00,0x5F,0x00,0xC8,0x00,0x00,0x5F,0x00,0x9D,0x20,0x13,0x9F,0x00,0x2B,0xFF,0xFC,0xBF,0x00,0x00,0x01,0x00,0x5F,0x00,0x00,0x00,0x00,0x5F,0x00,0x00,0x00,0x00,0x5F,0x00,0x00,0x00,0x00,0x5F,0x00};
static GUI_CONST_STORAGE GUI_CHARINFO_EXT glyph_0427 = {9,10,1,3,10,bitmap_0427};
static GUI_CONST_STORAGE unsigned char bitmap_042D[] = {0x3B,0xEF,0xEA,0x40,0x00,0x17,0x32,0x39,0xF6,0x00,0x00,0x00,0x00,0x7E,0x10,0x00,0x00,0x00,0x1F,0x60,0x01,0xEE,0xEE,0xEF,0x80,0x00,0x22,0x22,0x2E,0x70,0x00,0x00,0x00,0x2F,0x50,0x00,0x00,0x00,0xAE,0x10,0x34,0x22,0x4B,0xF5,0x00,0x5C,0xFF,0xDA,0x30,0x00};
static GUI_CONST_STORAGE GUI_CHARINFO_EXT glyph_042D = {9,10,0,3,10,bitmap_042D};
static GUI_CONST_STORAGE unsigned char bitmap_042F[] = {0x00,0x6C,0xEF,0xFF,0x20,0x07,0xF6,0x21,0x4F,0x20,0x0C,0x90,0x00,0x3F,0x20,0x0C,0x90,0x00,0x3F,0x20,0x07,0xF5,0x00,0x3F,0x20,0x00,0x7E,0xFE,0xEF,0x20,0x00,0x2E,0x72,0x5F,0x20,0x00,0xCA,0x00,0x3F,0x20,0x09,0xE1,0x00,0x3F,0x20,0x5F,0x40,0x00,0x3F,0x20};
static GUI_CONST_STORAGE GUI_CHARINFO_EXT glyph_042F = {9,10,0,3,10,bitmap_042F};
static GUI_CONST_STORAGE unsigned char bitmap_0430[] = {0x02,0xAD,0xEC,0x40,0x01,0x73,0x28,0xE1,0x00,0x00,0x02,0xF3,0x03,0xAD,0xEE,0xF3,0x1E,0xB4,0x23,0xF3,0x4F,0x20,0x04,0xF3,0x2F,0x72,0x4C,0xF3,0x06,0xDF,0xC3,0xD3};
static GUI_CONST_STORAGE GUI_CHARINFO_EXT glyph_0430 = {8,8,0,5,8,bitmap_0430};
static GUI_CONST_STORAGE unsigned char bitmap_0431[] = {0x00,0x00,0x36,0x9B,0x00,0x00,0x5E,0xEB,0x86,0x00,0x03,0xF6,0x00,0x00,0x00,0x0A,0xA0,0x00,0x00,0x00,0x0E,0x78,0xDE,0x91,0x00,0x1F,0xE9,0x35,0xE9,0x00,0x2F,0x70,0x00,0x7F,0x00,0x2F,0x40,0x00,0x4F,0x20,0x0F,0x50,0x00,0x4F,0x20,0x0B,0xA0,0x00,0x7E,0x00,0x04,0xF7,0x25,0xE7,0x00,0x00,0x5D,0xFD,0x70,0x00};
static GUI_CONST_STORAGE GUI_CHARINFO_EXT glyph_0431 = {9,12,0,1,9,bitmap_0431};
static GUI_CONST_STORAGE unsigned char bitmap_0432[] = {0xBF,0xFF,0xEB,0x20,0xB9,0x11,0x3C,0xA0,0xB9,0x00,0x1C,0x80,0xBF,0xEE,0xFB,0x00,0xBA,0x22,0x4C,0xA0,0xB9,0x00,0x06,0xE0,0xB9,0x11,0x3C,0xB0,0xBF,0xFF,0xEA,0x20};
static GUI_CONST_STORAGE GUI_CHARINFO_EXT glyph_0432 = {7,8,1,5,9,bitmap_0432};
static GUI_CONST_STORAGE unsigned char bitmap_0433[] = {0xBF,0xFF,0xF3,0xB9,0x11,0x10,0xB9,0x00,0x00,0xB9,0x00,0x00,0xB9,0x00,0x00,0xB9,0x00,0x00,0xB9,0x00,0x00,0xB9,0x00,0x00};
static GUI_CONST_STORAGE GUI_CHARINFO_EXT glyph_0433 = {6,8,1,5,7,bitmap_0433};
static GUI_CONST_STORAGE unsigned char bitmap_0434[] = {0x00,0x0F,0xFF,0xF4,0x00,0x00,0x1F,0x32,0xF4,0x00,0x00,0x4E,0x00,0xF4,0x00,0x00,0x7B,0x00,0xF4,0x00,0x00,0xC7,0x00,0xF4,0x00,0x04,0xE1,0x00,0xF4,0x00,0x1C,0x91,0x12,0xF5,0x00,0xBF,0xFF,0xFF,0xFF,0x60,0xB8,0x00,0x00,0x0D,0x60,0xB8,0x00,0x00,0x0D,0x60,0xA8,0x00,0x00,0x0C,0x60};
static GUI_CONST_STORAGE GUI_CHARINFO_EXT glyph_0434 = {9,11,0,5,9,bitmap_0434};
static GUI_CONST_STORAGE unsigned char bitmap_0435[] = {0x00,0x7D,0xFC,0x50,0x07,0xD4,0x26,0xF3,0x0E,0x60,0x00,0xC9,0x2F,0xEE,0xEE,0xFA,0x2F,0x52,0x22,0x21,0x0E,0x70,0x00,0x00,0x07,0xE6,0x22,0x53,0x00,0x6D,0xFE,0xB3};
static GUI_CONST_STORAGE GUI_CHARINFO_EXT glyph_0435 = {8,8,0,5,8,bitmap_0435};
static GUI_CONST_STORAGE unsigned char bitmap_0436[] = {0x4E,0x30,0x0F,0x30,0x1D,0x70,0x06,0xD1,0x0F,0x30,0xBA,0x00,0x00,0x9C,0x1F,0x39,0xB0,0x00,0x00,0x0B,0xAF,0xAD,0x10,0x00,0x00,0x1D,0x8F,0x8E,0x30,0x00,0x00,0xCA,0x0F,0x37,0xD2,0x00,0x0A,0xC0,0x0F,0x30,0x9C,0x10,0x8D,0x10,0x0F,0x30,0x0B,0xB0};
static GUI_CONST_STORAGE GUI_CHARINFO_EXT glyph_0436 = {12,8,0,5,11,bitmap_0436};
static GUI_CONST_STORAGE unsigned char bitmap_0437[] = {0x3B,0xEF,0xD7,0x00,0x16,0x22,0x4F,0x40,0x00,0x00,0x3E,0x40,0x00,0xEF,0xF6,0x00,0x00,0x22,0x6E,0x40,0x00,0x00,0x0A,0x90,0x55,0x22,0x5E,0x60,0x4C,0xEF,0xD7,0x00};
static GUI_CONST_STORAGE GUI_CHARINFO_EXT glyph_0437 = {7,8,0,5,7,bitmap_0437};
static GUI_CONST_STORAGE unsigned char bitmap_0438[] = {0xB8,0x00,0x09,0xF5,0xB8,0x00,0x3E,0xE5,0xB8,0x00,0xD6,0xD5,0xB8,0x08,0xC0,0xD5,0xB8,0x2E,0x20,0xD5,0xB7,0xC7,0x00,0xD5,0xBD,0xD0,0x00,0xD5,0xBF,0x30,0x00,0xD5};
static GUI_CONST_STORAGE GUI_CHARINFO_EXT glyph_0438 = {8,8,1,5,10,bitmap_0438};
static GUI_CONST_STORAGE unsigned char bitmap_0439[] = {0x0B,0xA0,0x0A,0xA0,0x03,0xDF,0xFD,0x20,0x00,0x01,0x10,0x00,0xB8,0x00,0x09,0xF5,0xB8,0x00,0x3E,0xE5,0xB8,0x00,0xD6,0xD5,0xB8,0x08,0xC0,0xD5,0xB8,0x2E,0x20,0xD5,0xB7,0xC7,0x00,0xD5,0xBD,0xD0,0x00,0xD5,0xBF,0x30,0x00,0xD5};
static GUI_CONST_STORAGE GUI_CHARINFO_EXT glyph_0439 = {8,11,1,2,10,bitmap_0439};
static GUI_CONST_STORAGE unsigned char bitmap_043A[] = {0xB9,0x00,0x6E,0x20,0xB9,0x05,0xE3,0x00,0xB9,0x3E,0x40,0x00,0xBB,0xE6,0x00,0x00,0xBA,0xD9,0x00,0x00,0xB9,0x2D,0x80,0x00,0xB9,0x03,0xE6,0x00,0xB9,0x00,0x4E,0x50};
static GUI_CONST_STORAGE GUI_CHARINFO_EXT glyph_043A = {7,8,1,5,8,bitmap_043A};
static GUI_CONST_STORAGE unsigned char bitmap_043B[] = {0x00,0x7F,0xFF,0xF6,0x00,0x9A,0x11,0xE6,0x00,0xA8,0x00,0xE6,0x00,0xD6,0x00,0xE6,0x01,0xF4,0x00,0xE6,0x04,0xF1,0x00,0xE6,0x2C,0xA0,0x00,0xE6,0xDC,0x20,0x00,0xE6};
static GUI_CONST_STORAGE GUI_CHARINFO_EXT glyph_043B = {8,8,0,5,9,bitmap_043B};
static GUI_CONST_STORAGE unsigned char bitmap_043C[] = {0xBF,0x30,0x00,0x1F,0xE0,0xBE,0x90,0x00,0x7E,0xE0,0xB9,0xE1,0x00,0xDA,0xE0,0xB7,0xC6,0x04,0xE5,0xE0,0xB7,0x6C,0x0A,0x84,0xE0,0xB7,0x1E,0x4F,0x24,0xE0,0xB7,0x09,0xEB,0x04,0xE0,0xB7,0x03,0xF5,0x04,0xE0};
static GUI_CONST_STORAGE GUI_CHARINFO_EXT glyph_043C = {9,8,1,5,11,bitmap_043C};
static GUI_CONST_STORAGE unsigned char bitmap_043D[] = {0xB9,0x00,0x01,0xF4,0xB9,0x00,0x01,0xF4,0xB9,0x00,0x01,0xF4,0xBF,0xEE,0xEE,0xF4,0xBA,0x22,0x22,0xF4,0xB9,0x00,0x01,0xF4,0xB9,0x00,0x01,0xF4,0xB9,0x00,0x01,0xF4};
static GUI_CONST_STORAGE GUI_CHARINFO_EXT glyph_043D = {8,8,1,5,10,bitmap_043D};
static GUI_CONST_STORAGE unsigned char bitmap_043E[] = {0x00,0x7D,0xFD,0x70,0x00,0x07,0xE5,0x25,0xE8,0x00,0x0E,0x70,0x00,0x6F,0x10,0x1F,0x40,0x00,0x2F,0x30,0x2F,0x40,0x00,0x2F,0x30,0x0E,0x70,0x00,0x6F,0x10,0x07,0xE5,0x25,0xE9,0x00,0x00,0x6D,0xFD,0x70,0x00};
static GUI_CONST_STORAGE GUI_CHARINFO_EXT glyph_043E = {9,8,0,5,9,bitmap_043E};
static GUI_CONST_STORAGE unsigned char bitmap_043F[] = {0xBF,0xFF,0xFF,0xF1,0xB9,0x11,0x15,0xF1,0xB9,0x00,0x04,0xF1,0xB9,0x00,0x04,0xF1,0xB9,0x00,0x04,0xF1,0xB9,0x00,0x04,0xF1,0xB9,0x00,0x04,0xF1,0xB9,0x00,0x04,0xF1};
static GUI_CONST_STORAGE GUI_CHARINFO_EXT glyph_043F = {8,8,1,5,9,bitmap_043F};
static GUI_CONST_STORAGE unsigned char bitmap_0440[] = {0xB7,0x8E,0xEA,0x10,0xBE,0x72,0x3C,0xC0,0xBC,0x00,0x04,0xF3,0xB9,0x00,0x00,0xF6,0xBA,0x00,0x01,0xF5,0xBC,0x00,0x04,0xF3,0xBF,0x82,0x3C,0xB0,0xB9,0x9E,0xEA,0x10,0xB9,0x00,0x00,0x00,0xB9,0x00,0x00,0x00,0xB9,0x00,0x00,0x00,0xB9,0x00,0x00,0x00};
static GUI_CONST_STORAGE GUI_CHARINFO_EXT glyph_0440 = {8,12,1,4,9,bitmap_0440};
static GUI_CONST_STORAGE unsigned char bitmap_0441[] = {0x00,0x7D,0xFD,0x60,0x07,0xE5,0x24,0x20,0x0E,0x70,0x00,0x00,0x2F,0x40,0x00,0x00,0x2F,0x40,0x00,0x00,0x0E,0x70,0x00,0x00,0x08,0xE5,0x23,0x40,0x00,0x7D,0xFE,0x60};
static GUI_CONST_STORAGE GUI_CHARINFO_EXT glyph_0441 = {7,8,0,5,7,bitmap_0441};
static GUI_CONST_STORAGE unsigned char bitmap_0442[] = {0xBF,0xFF,0xFF,0xC0,0x11,0x3F,0x41,0x10,0x00,0x2F,0x30,0x00,0x00,0x2F,0x30,0x00,0x00,0x2F,0x30,0x00,0x00,0x2F,0x30,0x00,0x00,0x2F,0x30,0x00,0x00,0x2F,0x30,0x00};
static GUI_CONST_STORAGE GUI_CHARINFO_EXT glyph_0442 = {7,8,0,5,7,bitmap_0442};
static GUI_CONST_STORAGE unsigned char bitmap_0443[] = {0xC9,0x00,0x00,0xE7,0x6E,0x00,0x04,0xF2,0x1E,0x50,0x0A,0xB0,0x0A,0xB0,0x0E,0x60,0x04,0xF1,0x5E,0x10,0x00,0xD6,0xAA,0x00,0x00,0x7B,0xE4,0x00,0x00,0x2F,0xD0,0x00,0x00,0x0D,0x80,0x00,0x00,0x3F,0x20,0x00,0x13,0xCA,0x00,0x00,0xCE,0xA1,0x00,0x00};
static GUI_CONST_STORAGE GUI_CHARINFO_EXT glyph_0443 = {8,12,0,4,8,bitmap_0443};
static GUI_CONST_STORAGE unsigned char bitmap_0444[] = {0x00,0x00,0x3F,0x10,0x00,0x00,0x00,0x00,0x3F,0x10,0x00,0x00,0x00,0x00,0x3F,0x10,0x00,0x00,0x00,0x05,0xAF,0x95,0x00,0x00,0x02,0xCD,0x9F,0x9E,0xB1,0x00,0x0B,0xB0,0x3F,0x11,0xD9,0x00,0x1F,0x50,0x3F,0x10,0x7E,0x00,0x2F,0x30,0x3F,0x10,0x5F,0x00,0x1F,0x50,0x3F,0x10,0x7E,0x00,0x0A,0xC1,0x3F,0x11,0xD9,0x00,0x01,0xCD,0xAF,0xAE,0xA1,0x00,0x00,0x04,0x9F,0x83,0x00,0x00,0x00,0x00,0x3F,0x10,0x00,0x00,0x00,0x00,0x3F,0x10,0x00,0x00,0x00,0x00,0x3F,0x10,0x00,0x00};
static GUI_CONST_STORAGE GUI_CHARINFO_EXT glyph_0444 = {11,15,0,1,11,bitmap_0444};
static GUI_CONST_STORAGE unsigned char bitmap_0446[] = {0xB9,0x00,0x04,0xF1,0x00,0xB9,0x00,0x04,0xF1,0x00,0xB9,0x00,0x04,0xF1,0x00,0xB9,0x00,0x04,0xF1,0x00,0xB9,0x00,0x04,0xF1,0x00,0xB9,0x00,0x04,0xF1,0x00,0xB9,0x11,0x15,0xF2,0x00,0xBF,0xFF,0xFF,0xFF,0x30,0x00,0x00,0x00,0x1F,0x30,0x00,0x00,0x00,0x1F,0x30,0x00,0x00,0x00,0x1E,0x30};
static GUI_CONST_STORAGE GUI_CHARINFO_EXT glyph_0446 = {9,11,1,5,9,bitmap_0446};
static GUI_CONST_STORAGE unsigned char bitmap_0447[] = {0xD7,0x00,0x06,0xE0,0xD7,0x00,0x06,0xE0,0xD7,0x00,0x06,0xE0,0xCB,0x11,0x4C,0xE0,0x3D,0xFF,0xB9,0xE0,0x00,0x11,0x06,0xE0,0x00,0x00,0x06,0xE0,0x00,0x00,0x06,0xE0};
static GUI_CONST_STORAGE GUI_CHARINFO_EXT glyph_0447 = {7,8,1,5,9,bitmap_0447};
static GUI_CONST_STORAGE unsigned char bitmap_0448[] = {0xB9,0x00,0x0E,0x60,0x02,0xF3,0xB9,0x00,0x0E,0x60,0x02,0xF3,0xB9,0x00,0x0E,0x60,0x02,0xF3,0xB9,0x00,0x0E,0x60,0x02,0xF3,0xB9,0x00,0x0E,0x60,0x02,0xF3,0xB9,0x00,0x0E,0x60,0x02,0xF3,0xB9,0x11,0x1E,0x71,0x13,0xF3,0xBF,0xFF,0xFF,0xFF,0xFF,0xF3};
static GUI_CONST_STORAGE GUI_CHARINFO_EXT glyph_0448 = {12,8,1,5,13,bitmap_0448};
static GUI_CONST_STORAGE unsigned char bitmap_0449[] = {0xB9,0x00,0x0E,0x60,0x02,0xF3,0x00,0xB9,0x00,0x0E,0x60,0x02,0xF3,0x00,0xB9,0x00,0x0E,0x60,0x02,0xF3,0x00,0xB9,0x00,0x0E,0x60,0x02,0xF3,0x00,0xB9,0x00,0x0E,0x60,0x02,0xF3,0x00,0xB9,0x00,0x0E,0x60,0x02,0xF3,0x00,0xB9,0x11,0x1E,0x61,0x13,0xF4,0x00,0xBF,0xFF,0xFF,0xFF,0xFF,0xFF,0x50,0x00,0x00,0x00,0x00,0x00,0x0F,0x50,0x00,0x00,0x00,0x00,0x00,0x0F,0x50,0x00,0x00,0x00,0x00,0x00,0x0E,0x50};
static GUI_CONST_STORAGE GUI_CHARINFO_EXT glyph_0449 = {13,11,1,5,14,bitmap_0449};
static GUI_CONST_STORAGE unsigned char bitmap_044B[] = {0xB9,0x00,0x00,0x00,0xE6,0xB9,0x00,0x00,0x00,0xE6,0xB9,0x00,0x00,0x00,0xE6,0xBF,0xEE,0xD9,0x10,0xE6,0xBA,0x22,0x4D,0x80,0xE6,0xB9,0x00,0x09,0xA0,0xE6,0xB9,0x11,0x3D,0x70,0xE6,0xBF,0xFF,0xD9,0x00,0xE6};
static GUI_CONST_STORAGE GUI_CHARINFO_EXT glyph_044B = {10,8,1,5,12,bitmap_044B};
static GUI_CONST_STORAGE unsigned char bitmap_044C[] = {0xB9,0x00,0x00,0x00,0xB9,0x00,0x00,0x00,0xB9,0x00,0x00,0x00,0xBF,0xEE,0xDA,0x30,0xBA,0x22,0x3A,0xD0,0xB9,0x00,0x04,0xF1,0xB9,0x11,0x2A,0xD0,0xBF,0xFF,0xEB,0x30};
static GUI_CONST_STORAGE GUI_CHARINFO_EXT glyph_044C = {8,8,1,5,9,bitmap_044C};
static GUI_CONST_STORAGE unsigned char bitmap_044D[] = {0x3C,0xEE,0xA2,0x00,0x14,0x23,0xAD,0x10,0x00,0x00,0x0E,0x60,0x0B,0xEE,0xEF,0x80,0x01,0x22,0x2D,0x80,0x00,0x00,0x2F,0x50,0x43,0x24,0xCC,0x00,0x6D,0xFE,0x91,0x00};
static GUI_CONST_STORAGE GUI_CHARINFO_EXT glyph_044D = {7,8,0,5,7,bitmap_044D};
static GUI_CONST_STORAGE unsigned char bitmap_044E[] = {0xB9,0x00,0x19,0xEE,0xB3,0x00,0xB9,0x00,0xCC,0x32,0x8E,0x20,0xB9,0x03,0xF3,0x00,0x0D,0x70,0xBF,0xEF,0xF0,0x00,0x0B,0xA0,0xBA,0x26,0xF1,0x00,0x0B,0xA0,0xB9,0x01,0xF3,0x00,0x0D,0x70,0xB9,0x00,0x9C,0x32,0x9E,0x10,0xB9,0x00,0x18,0xDF,0xB3,0x00};
static GUI_CONST_STORAGE GUI_CHARINFO_EXT glyph_044E = {11,8,1,5,13,bitmap_044E};
static GUI_CONST_STORAGE unsigned char bitmap_044F[] = {0x05,0xDF,0xFF,0xF2,0x2F,0x72,0x14,0xF2,0x5F,0x00,0x03,0xF2,0x2F,0x60,0x03,0xF2,0x05,0xEF,0xEE,0xF2,0x01,0xD9,0x25,0xF2,0x0A,0xC0,0x03,0xF2,0x6E,0x20,0x03,0xF2};
static GUI_CONST_STORAGE GUI_CHARINFO_EXT glyph_044F = {8,8,0,5,8,bitmap_044F};
static GUI_CONST_STORAGE unsigned char bitmap_0451[] = {0x00,0xA6,0x0C,0x30,0x00,0x10,0x01,0x00,0x00,0x00,0x00,0x00,0x00,0x7D,0xFC,0x50,0x07,0xD4,0x26,0xF3,0x0E,0x60,0x00,0xC9,0x2F,0xEE,0xEE,0xFA,0x2F,0x52,0x22,0x21,0x0E,0x70,0x00,0x00,0x07,0xE6,0x22,0x53,0x00,0x6D,0xFE,0xB3};
static GUI_CONST_STORAGE GUI_CHARINFO_EXT glyph_0451 = {8,11,0,2,8,bitmap_0451};
static GUI_CONST_STORAGE unsigned char bitmap_4E2D[] = {0x00,0x00,0x02,0xD1,0x00,0x00,0x00,0x00,0x00,0x02,0xF1,0x00,0x00,0x00,0x00,0x00,0x02,0xF1,0x00,0x00,0x00,0x8F,0xFF,0xFF,0xFF,0xFF,0xFF,0x80,0x89,0x22,0x24,0xF2,0x22,0x2A,0x80,0x88,0x00,0x02,0xF1,0x00,0x0A,0x80,0x88,0x00,0x02,0xF1,0x00,0x0A,0x80,0x88,0x00,0x02,0xF1,0x00,0x0A,0x80,0x89,0x22,0x24,0xF2,0x22,0x2A,0x80,0x8F,0xFF,0xFF,0xFF,0xFF,0xFF,0x80,0x88,0x00,0x02,0xF1,0x00,0x08,0x70,0x00,0x00,0x02,0xF1,0x00,0x00,0x00,0x00,0x00,0x02,0xF1,0x00,0x00,0x00,0x00,0x00,0x02,0xF1,0x00,0x00,0x00,0x00,0x00,0x02,0xD1,0x00,0x00,0x00};
static GUI_CONST_STORAGE GUI_CHARINFO_EXT glyph_4E2D = {13,15,1,0,16,bitmap_4E2D};
static GUI_CONST_STORAGE unsigned char bitmap_4E3B[] = {0x00,0x00,0x02,0xA2,0x00,0x00,0x00,0x00,0x00,0x00,0x00,0x7E,0x40,0x00,0x00,0x00,0x00,0x00,0x00,0x05,0xD1,0x00,0x00,0x00,0x07,0xFF,0xFF,0xFF,0xFF,0xFF,0xF7,0x00,0x01,0x22,0x22,0x3F,0x32,0x22,0x21,0x00,0x00,0x00,0x00,0x2F,0x10,0x00,0x00,0x00,0x00,0x00,0x00,0x2F,0x10,0x00,0x00,0x00,0x00,0x00,0x00,0x2F,0x10,0x00,0x00,0x00,0x00,0xBF,0xFF,0xFF,0xFF,0xFF,0xC0,0x00,0x00,0x12,0x22,0x3F,0x32,0x22,0x10,0x00,0x00,0x00,0x00,0x2F,0x10,0x00,0x00,0x00,0x00,0x00,0x00,0x2F,0x10,0x00,0x00,0x00,0x00,0x00,0x00,0x2F,0x10,0x00,0x00,0x00,0x3F,0xFF,0xFF,0xFF,0xFF,0xFF,0xFF,0x30,0x02,0x22,0x22,0x22,0x22,0x22,0x22,0x00};
static GUI_CONST_STORAGE GUI_CHARINFO_EXT glyph_4E3B = {15,15,0,0,16,bitmap_4E3B};
static GUI_CONST_STORAGE unsigned char bitmap_4EAE[] = {0x00,0x00,0x00,0x4A,0x00,0x00,0x00,0x00,0x00,0x00,0x00,0x1F,0x30,0x00,0x00,0x00,0x2F,0xFF,0xFF,0xFF,0xFF,0xFF,0xFF,0x10,0x00,0x00,0x00,0x00,0x00,0x00,0x00,0x00,0x00,0x0F,0xDC,0xCC,0xCC,0xDF,0x10,0x00,0x00,0x0F,0x20,0x00,0x00,0x2F,0x10,0x00,0x00,0x0C,0xCC,0xCC,0xCC,0xCC,0x10,0x00,0x00,0x00,0x00,0x00,0x00,0x00,0x00,0x00,0x0D,0xEE,0xEE,0xEE,0xEE,0xEE,0xEC,0x00,0x0D,0x30,0x00,0x00,0x00,0x00,0x5C,0x00,0x06,0x20,0x8F,0xFF,0xFF,0x60,0x26,0x00,0x00,0x00,0xA8,0x00,0x0C,0x60,0x00,0x00,0x00,0x01,0xE4,0x00,0x0C,0x60,0x0A,0x00,0x00,0x3C,0xB0,0x00,0x0C,0x70,0x2E,0x00,0x0C,0xD8,0x10,0x00,0x07,0xFF,0xF9,0x00,0x01,0x00,0x00,0x00,0x00,0x00,0x00,0x00};
static GUI_CONST_STORAGE GUI_CHARINFO_EXT glyph_4EAE = {15,16,0,0,16,bitmap_4EAE};
static GUI_CONST_STORAGE unsigned char bitmap_4ECE[] = {0x00,0x02,0xE1,0x00,0x05,0xC0,0x00,0x00,0x00,0x03,0xF0,0x00,0x07,0xB0,0x00,0x00,0x00,0x04,0xE0,0x00,0x08,0xA0,0x00,0x00,0x00,0x05,0xD0,0x00,0x09,0x80,0x00,0x00,0x00,0x07,0xC0,0x00,0x0B,0x70,0x00,0x00,0x00,0x09,0xF5,0x00,0x0E,0x80,0x00,0x00,0x00,0x0B,0xBE,0x20,0x2F,0xC0,0x00,0x00,0x00,0x0E,0x39,0xB0,0x6D,0xE2,0x00,0x00,0x00,0x4E,0x01,0xE5,0xC7,0x98,0x00,0x00,0x00,0x9B,0x00,0x56,0xF2,0x2E,0x10,0x00,0x01,0xE6,0x00,0x0A,0xB0,0x0B,0xA0,0x00,0x09,0xC0,0x00,0x7E,0x20,0x02,0xE8,0x00,0x2F,0x40,0x03,0xF5,0x00,0x00,0x5E,0x20,0x03,0x00,0x00,0x30,0x00,0x00,0x01,0x00};
static GUI_CONST_STORAGE GUI_CHARINFO_EXT glyph_4ECE = {15,14,0,1,16,bitmap_4ECE};
static GUI_CONST_STORAGE unsigned char bitmap_4EF6[] = {0x00,0x02,0xA0,0x10,0x0B,0x20,0x00,0x00,0x00,0x0A,0x90,0xB6,0x0E,0x30,0x00,0x00,0x00,0x2E,0x20,0xE3,0x0E,0x30,0x00,0x00,0x00,0x9A,0x04,0xFF,0xFF,0xFF,0xF9,0x00,0x04,0xF9,0x0A,0x82,0x2E,0x42,0x21,0x00,0x1E,0xE9,0x2F,0x20,0x0E,0x30,0x00,0x00,0x6D,0x89,0x17,0x00,0x0E,0x30,0x00,0x00,0x13,0x79,0x00,0x00,0x0E,0x30,0x00,0x00,0x00,0x79,0x4F,0xFF,0xFF,0xFF,0xFF,0x40,0x00,0x79,0x02,0x22,0x2E,0x42,0x22,0x00,0x00,0x79,0x00,0x00,0x0E,0x30,0x00,0x00,0x00,0x79,0x00,0x00,0x0E,0x30,0x00,0x00,0x00,0x79,0x00,0x00,0x0E,0x30,0x00,0x00,0x00,0x79,0x00,0x00,0x0E,0x30,0x00,0x00,0x00,0x67,0x00,0x00,0x0C,0x20,0x00,0x00};
static GUI_CONST_STORAGE GUI_CHARINFO_EXT glyph_4EF6 = {15,15,0,0,16,bitmap_4EF6};
static GUI_CONST_STORAGE unsigned char bitmap_4F4D[] = {0x00,0x00,0x92,0x00,0x4A,0x00,0x00,0x00,0x00,0x05,0xD0,0x00,0x2F,0x10,0x00,0x00,0x00,0x0C,0x70,0x00,0x0A,0x20,0x00,0x00,0x00,0x4E,0x17,0xFF,0xFF,0xFF,0xFB,0x00,0x01,0xDC,0x01,0x22,0x22,0x22,0x21,0x00,0x0A,0xFC,0x00,0x58,0x00,0x07,0xA0,0x00,0x4E,0x7C,0x00,0x4C,0x00,0x09,0x80,0x00,0x04,0x5C,0x00,0x2F,0x00,0x0C,0x50,0x00,0x00,0x5C,0x00,0x0E,0x30,0x0E,0x30,0x00,0x00,0x5C,0x00,0x0C,0x50,0x1F,0x00,0x00,0x00,0x5C,0x00,0x0A,0x70,0x4C,0x00,0x00,0x00,0x5C,0x00,0x08,0x90,0x78,0x00,0x00,0x00,0x5C,0x00,0x01,0x00,0xB5,0x00,0x00,0x00,0x5C,0x2F,0xFF,0xFF,0xFF,0xFF,0x50,0x00,0x38,0x01,0x11,0x11,0x11,0x11,0x00};
static GUI_CONST_STORAGE GUI_CHARINFO_EXT glyph_4F4D = {15,15,0,0,16,bitmap_4F4D};
static GUI_CONST_STORAGE unsigned char bitmap_4F7F[] = {0x00,0x01,0x91,0x00,0x09,0x10,0x00,0x00,0x00,0x07,0xC0,0x00,0x1F,0x20,0x00,0x00,0x00,0x0D,0x8F,0xFF,0xFF,0xFF,0xFF,0x60,0x00,0x6D,0x00,0x00,0x0F,0x10,0x00,0x00,0x01,0xEA,0x00,0x00,0x0F,0x10,0x00,0x00,0x0A,0xFA,0x0B,0xFE,0xEF,0xEE,0xEE,0x00,0x7E,0x8A,0x0B,0x40,0x0F,0x10,0x2E,0x00,0x33,0x6A,0x0B,0x40,0x0F,0x10,0x2E,0x00,0x00,0x6A,0x0B,0xFE,0xEF,0xEE,0xEE,0x00,0x00,0x6A,0x05,0x50,0x3E,0x00,0x00,0x00,0x00,0x6A,0x02,0xE4,0x7A,0x00,0x00,0x00,0x00,0x6A,0x00,0x4E,0xE4,0x00,0x00,0x00,0x00,0x6A,0x00,0x2D,0xFA,0x40,0x00,0x00,0x00,0x6A,0x28,0xE9,0x28,0xED,0x96,0x20,0x00,0x69,0x5A,0x30,0x00,0x15,0x8C,0x20};
static GUI_CONST_STORAGE GUI_CHARINFO_EXT glyph_4F7F = {15,15,0,0,16,bitmap_4F7F};
static GUI_CONST_STORAGE unsigned char bitmap_4FDD[] = {0x00,0x01,0x91,0x00,0x00,0x00,0x00,0x00,0x00,0x07,0xC5,0xFF,0xFF,0xFF,0xF7,0x00,0x00,0x0E,0x55,0xB0,0x00,0x00,0xA7,0x00,0x00,0x6D,0x05,0xB0,0x00,0x00,0xA7,0x00,0x01,0xEA,0x05,0xC0,0x00,0x00,0xA7,0x00,0x0B,0xEA,0x05,0xFF,0xFF,0xFF,0xF7,0x00,0x7D,0x7A,0x00,0x00,0x0F,0x10,0x00,0x00,0x23,0x6A,0x00,0x00,0x0F,0x10,0x00,0x00,0x00,0x6A,0x6F,0xFF,0xFF,0xFF,0xFF,0x40,0x00,0x6A,0x01,0x13,0xEF,0xE3,0x11,0x00,0x00,0x6A,0x00,0x0C,0x7F,0x7C,0x00,0x00,0x00,0x6A,0x00,0xAB,0x1F,0x1B,0x90,0x00,0x00,0x6A,0x1B,0xC1,0x0F,0x11,0xCB,0x10,0x00,0x6A,0x9A,0x10,0x0F,0x10,0x1C,0x60,0x00,0x58,0x00,0x00,0x0D,0x10,0x00,0x00};
static GUI_CONST_STORAGE GUI_CHARINFO_EXT glyph_4FDD = {15,15,0,0,16,bitmap_4FDD};
static GUI_CONST_STORAGE unsigned char bitmap_4FE1[] = {0x00,0x03,0x60,0x00,0x73,0x00,0x00,0x00,0x00,0x0A,0x70,0x00,0x7B,0x00,0x00,0x00,0x00,0x2F,0x20,0x00,0x1B,0x10,0x00,0x00,0x00,0x8B,0x5F,0xFF,0xFF,0xFF,0xFF,0x30,0x02,0xE8,0x00,0x00,0x00,0x00,0x00,0x00,0x0B,0xE8,0x04,0xEE,0xEE,0xEE,0xE0,0x00,0x5C,0x88,0x00,0x00,0x00,0x00,0x00,0x00,0x02,0x78,0x04,0xEE,0xEE,0xEE,0xE0,0x00,0x00,0x78,0x00,0x00,0x00,0x00,0x00,0x00,0x00,0x78,0x00,0x00,0x00,0x00,0x00,0x00,0x00,0x78,0x07,0xFE,0xEE,0xEE,0xF3,0x00,0x00,0x78,0x07,0x70,0x00,0x00,0xD3,0x00,0x00,0x78,0x07,0x70,0x00,0x00,0xD3,0x00,0x00,0x78,0x07,0xEE,0xEE,0xEE,0xF3,0x00,0x00,0x67,0x05,0x60,0x00,0x00,0x92,0x00};
static GUI_CONST_STORAGE GUI_CHARINFO_EXT glyph_4FE1 = {15,15,0,0,16,bitmap_4FE1};
static GUI_CONST_STORAGE unsigned char bitmap_5149[] = {0x00,0x00,0x00,0x2D,0x00,0x01,0x10,0x00,0x00,0xB6,0x00,0x2F,0x00,0x06,0xD0,0x00,0x00,0x4E,0x10,0x2F,0x00,0x0C,0x60,0x00,0x00,0x0C,0x70,0x2F,0x00,0x5D,0x00,0x00,0x00,0x06,0xB0,0x2F,0x00,0xB5,0x00,0x00,0x00,0x00,0x00,0x2F,0x00,0x00,0x00,0x00,0x3F,0xFF,0xFF,0xFF,0xFF,0xFF,0xFF,0x30,0x01,0x11,0x4E,0x11,0x4E,0x11,0x11,0x00,0x00,0x00,0x5C,0x00,0x3E,0x00,0x00,0x00,0x00,0x00,0x8A,0x00,0x3E,0x00,0x00,0x00,0x00,0x00,0xC6,0x00,0x3E,0x00,0x00,0x00,0x00,0x04,0xF1,0x00,0x3E,0x00,0x08,0x30,0x00,0x2E,0x80,0x00,0x3E,0x00,0x0B,0x50,0x05,0xEB,0x00,0x00,0x3F,0x21,0x1D,0x30,0x3D,0x70,0x00,0x00,0x0C,0xFF,0xFB,0x00};
static GUI_CONST_STORAGE GUI_CHARINFO_EXT glyph_5149 = {15,15,0,0,16,bitmap_5149};
static GUI_CONST_STORAGE unsigned char bitmap_5168[] = {0x00,0x00,0x00,0x1D,0x20,0x00,0x00,0x00,0x00,0x00,0x00,0xBE,0xB0,0x00,0x00,0x00,0x00,0x00,0x0A,0xC1,0xBB,0x10,0x00,0x00,0x00,0x00,0xAD,0x10,0x1C,0xB1,0x00,0x00,0x00,0x2C,0xB1,0x00,0x01,0xBD,0x40,0x00,0x17,0xE9,0x00,0x00,0x00,0x08,0xF9,0x10,0x5D,0x5F,0xFF,0xFF,0xFF,0xFF,0x6D,0x50,0x00,0x00,0x00,0x2F,0x10,0x00,0x00,0x00,0x00,0x00,0x00,0x1F,0x10,0x00,0x00,0x00,0x00,0x00,0x00,0x1F,0x10,0x00,0x00,0x00,0x00,0x0F,0xFF,0xFF,0xFF,0xFF,0x20,0x00,0x00,0x00,0x00,0x1F,0x10,0x00,0x00,0x00,0x00,0x00,0x00,0x1F,0x10,0x00,0x00,0x00,0x0D,0xFF,0xFF,0xFF,0xFF,0xFF,0xFE,0x00,0x00,0x00,0x00,0x00,0x00,0x00,0x00,0x00};
static GUI_CONST_STORAGE GUI_CHARINFO_EXT glyph_5168 = {15,15,0,0,16,bitmap_5168};
static GUI_CONST_STORAGE unsigned char bitmap_5173[] = {0x00,0x03,0x40,0x00,0x00,0x55,0x00,0x00,0x00,0x04,0xE1,0x00,0x00,0xD7,0x00,0x00,0x00,0x00,0xB8,0x00,0x05,0xE1,0x00,0x00,0x00,0x22,0x68,0x22,0x2C,0x82,0x20,0x00,0x01,0xFF,0xFF,0xFF,0xFF,0xFF,0xF3,0x00,0x00,0x00,0x00,0x1F,0x30,0x00,0x00,0x00,0x00,0x00,0x00,0x1F,0x30,0x00,0x00,0x00,0x02,0x22,0x22,0x3F,0x42,0x22,0x22,0x00,0x0F,0xFF,0xFF,0xFF,0xFF,0xFF,0xFF,0x00,0x00,0x00,0x00,0x9F,0xC0,0x00,0x00,0x00,0x00,0x00,0x02,0xE6,0xD7,0x00,0x00,0x00,0x00,0x00,0x2D,0xB0,0x4F,0x60,0x00,0x00,0x00,0x06,0xEB,0x10,0x05,0xFA,0x10,0x00,0x17,0xDE,0x70,0x00,0x00,0x3D,0xEA,0x20,0x0A,0x71,0x00,0x00,0x00,0x00,0x59,0x00};
static GUI_CONST_STORAGE GUI_CHARINFO_EXT glyph_5173 = {15,15,0,0,16,bitmap_5173};
static GUI_CONST_STORAGE unsigned char bitmap_5177[] = {0x00,0x0C,0xEE,0xEE,0xEE,0xEF,0x00,0x00,0x00,0x0C,0x40,0x00,0x00,0x2F,0x00,0x00,0x00,0x0C,0xDD,0xDD,0xDD,0xDF,0x00,0x00,0x00,0x0C,0x40,0x00,0x00,0x2F,0x00,0x00,0x00,0x0C,0x40,0x00,0x00,0x2F,0x00,0x00,0x00,0x0C,0xDD,0xDD,0xDD,0xDF,0x00,0x00,0x00,0x0C,0x40,0x00,0x00,0x2F,0x00,0x00,0x00,0x0C,0xDD,0xDD,0xDD,0xDF,0x00,0x00,0x00,0x0C,0x40,0x00,0x00,0x2F,0x00,0x00,0x3F,0xFF,0xFF,0xFF,0xFF,0xFF,0xFF,0x40,0x00,0x00,0x86,0x00,0x08,0x81,0x00,0x00,0x00,0x2B,0xE4,0x00,0x04,0xCE,0x60,0x00,0x19,0xFB,0x20,0x00,0x00,0x07,0xFB,0x20,0x1A,0x40,0x00,0x00,0x00,0x00,0x29,0x10};
static GUI_CONST_STORAGE GUI_CHARINFO_EXT glyph_5177 = {15,14,0,1,16,bitmap_5177};
static GUI_CONST_STORAGE unsigned char bitmap_5185[] = {0x00,0x00,0x01,0xD1,0x00,0x00,0x00,0x00,0x00,0x01,0xF1,0x00,0x00,0x00,0x12,0x22,0x22,0xF3,0x22,0x22,0x10,0x8F,0xFF,0xFF,0xFF,0xFF,0xFF,0x80,0x89,0x00,0x02,0xF0,0x00,0x09,0x80,0x89,0x00,0x04,0xD0,0x00,0x09,0x80,0x89,0x00,0x08,0xE3,0x00,0x09,0x80,0x89,0x00,0x0D,0xAE,0x30,0x09,0x80,0x89,0x00,0x7C,0x07,0xE2,0x09,0x80,0x89,0x05,0xF4,0x00,0x8D,0x19,0x80,0x89,0x8F,0x60,0x00,0x0B,0xC9,0x80,0x89,0x74,0x00,0x00,0x01,0x49,0x80,0x89,0x00,0x00,0x00,0x00,0x09,0x80,0x89,0x00,0x00,0x00,0x12,0x2A,0x80,0x89,0x00,0x00,0x00,0x2F,0xFD,0x30,0x00,0x00,0x00,0x00,0x00,0x00,0x00};
static GUI_CONST_STORAGE GUI_CHARINFO_EXT glyph_5185 = {13,16,1,0,16,bitmap_5185};
static GUI_CONST_STORAGE unsigned char bitmap_51FA[] = {0x00,0x00,0x02,0xC1,0x00,0x00,0x00,0x04,0x20,0x02,0xF1,0x00,0x25,0x00,0x0B,0x60,0x02,0xF1,0x00,0x6C,0x00,0x0B,0x60,0x02,0xF1,0x00,0x6C,0x00,0x0B,0x60,0x02,0xF1,0x00,0x6C,0x00,0x0B,0x60,0x02,0xF1,0x00,0x6C,0x00,0x0B,0xFF,0xFF,0xFF,0xFF,0xFC,0x00,0x01,0x22,0x24,0xF3,0x22,0x21,0x00,0x6A,0x00,0x02,0xF1,0x00,0x0A,0x50,0x7C,0x00,0x02,0xF1,0x00,0x0C,0x60,0x7C,0x00,0x02,0xF1,0x00,0x0C,0x60,0x7C,0x00,0x02,0xF1,0x00,0x0C,0x60,0x7C,0x22,0x24,0xF3,0x22,0x2C,0x60,0x7F,0xFF,0xFF,0xFF,0xFF,0xFF,0x60,0x00,0x00,0x00,0x00,0x00,0x0A,0x60};
static GUI_CONST_STORAGE GUI_CHARINFO_EXT glyph_51FA = {13,15,1,0,16,bitmap_51FA};
static GUI_CONST_STORAGE unsigned char bitmap_5236[] = {0x00,0x81,0x95,0x00,0x00,0x00,0x2B,0x03,0xD0,0xA6,0x00,0x00,0x92,0x3E,0x08,0xFF,0xFF,0xFF,0x70,0xD3,0x3E,0x1E,0x31,0xA7,0x11,0x00,0xD3,0x3E,0x3A,0x00,0xA6,0x00,0x00,0xD3,0x3E,0x5F,0xFF,0xFF,0xFF,0xF1,0xD3,0x3E,0x01,0x11,0xA7,0x11,0x10,0xD3,0x3E,0x00,0x00,0xA6,0x00,0x00,0xD3,0x3E,0x0A,0xFF,0xFF,0xFF,0x80,0xD3,0x3E,0x0A,0x60,0xA6,0x08,0x80,0xD3,0x3E,0x0A,0x60,0xA6,0x08,0x80,0x82,0x3E,0x0A,0x60,0xA6,0x08,0x80,0x00,0x3E,0x0A,0x60,0xA6,0x08,0x80,0x00,0x3E,0x09,0x50,0xA6,0xCE,0x40,0x12,0x6D,0x00,0x00,0xA6,0x00,0x00,0x4F,0xE8};
static GUI_CONST_STORAGE GUI_CHARINFO_EXT glyph_5236 = {14,15,1,0,16,bitmap_5236};
static GUI_CONST_STORAGE unsigned char bitmap_52A8[] = {0x00,0x00,0x00,0x00,0x03,0xB0,0x00,0x00,0x0A,0xFF,0xFF,0xF2,0x04,0xD0,0x00,0x00,0x00,0x00,0x00,0x00,0x04,0xD0,0x00,0x00,0x00,0x00,0x00,0x06,0xFF,0xFF,0xFF,0x30,0x00,0x00,0x00,0x01,0x16,0xC1,0x1F,0x20,0x3F,0xFF,0xFF,0xF6,0x06,0xB0,0x0F,0x20,0x01,0x4E,0x11,0x10,0x07,0x90,0x0F,0x10,0x00,0x7A,0x03,0x10,0x09,0x80,0x1F,0x10,0x00,0xA7,0x09,0x70,0x0B,0x60,0x1F,0x00,0x00,0xE2,0x04,0xC0,0x0E,0x30,0x2E,0x00,0x04,0xC0,0x04,0xF2,0x2F,0x10,0x3E,0x00,0x0A,0xCB,0xFE,0xE6,0x7B,0x00,0x4D,0x00,0x0D,0xC8,0x40,0x66,0xD5,0x00,0x6B,0x00,0x01,0x00,0x00,0x08,0xD1,0x11,0xA9,0x00,0x00,0x00,0x00,0x0D,0x31,0xFF,0xE3,0x00,0x00,0x00,0x00,0x00,0x00,0x00,0x00,0x00};
static GUI_CONST_STORAGE GUI_CHARINFO_EXT glyph_52A8 = {15,16,0,0,16,bitmap_52A8};
static GUI_CONST_STORAGE unsigned char bitmap_5355[] = {0x00,0x02,0x80,0x00,0x00,0x66,0x00,0x00,0x00,0x01,0xE6,0x00,0x02,0xE5,0x00,0x00,0x00,0x00,0x5D,0x00,0x09,0xB0,0x00,0x00,0x00,0xCF,0xFF,0xFF,0xFF,0xFF,0xE0,0x00,0x00,0xC5,0x00,0x2F,0x00,0x03,0xE0,0x00,0x00,0xC5,0x00,0x2F,0x00,0x03,0xE0,0x00,0x00,0xCE,0xEE,0xEF,0xEE,0xEE,0xE0,0x00,0x00,0xC5,0x00,0x2F,0x00,0x03,0xE0,0x00,0x00,0xCF,0xEE,0xEF,0xEE,0xEE,0xE0,0x00,0x00,0x00,0x00,0x2F,0x00,0x00,0x00,0x00,0x01,0x11,0x11,0x2F,0x11,0x11,0x11,0x00,0x3F,0xFF,0xFF,0xFF,0xFF,0xFF,0xFF,0x30,0x00,0x00,0x00,0x2F,0x00,0x00,0x00,0x00,0x00,0x00,0x00,0x2F,0x00,0x00,0x00,0x00,0x00,0x00,0x00,0x2D,0x00,0x00,0x00,0x00};
static GUI_CONST_STORAGE GUI_CHARINFO_EXT glyph_5355 = {15,15,0,0,16,bitmap_5355};
static GUI_CONST_STORAGE unsigned char bitmap_5382[] = {0x00,0xCF,0xFF,0xFF,0xFF,0xFF,0xFF,0x00,0x00,0xC7,0x33,0x33,0x33,0x33,0x33,0x00,0x00,0xC5,0x00,0x00,0x00,0x00,0x00,0x00,0x00,0xC5,0x00,0x00,0x00,0x00,0x00,0x00,0x00,0xC5,0x00,0x00,0x00,0x00,0x00,0x00,0x00,0xD5,0x00,0x00,0x00,0x00,0x00,0x00,0x00,0xE5,0x00,0x00,0x00,0x00,0x00,0x00,0x00,0xF4,0x00,0x00,0x00,0x00,0x00,0x00,0x01,0xF2,0x00,0x00,0x00,0x00,0x00,0x00,0x03,0xF0,0x00,0x00,0x00,0x00,0x00,0x00,0x06,0xC0,0x00,0x00,0x00,0x00,0x00,0x00,0x0B,0x90,0x00,0x00,0x00,0x00,0x00,0x00,0x2F,0x30,0x00,0x00,0x00,0x00,0x00,0x00,0x18,0x00,0x00,0x00,0x00,0x00,0x00,0x00};
static GUI_CONST_STORAGE GUI_CHARINFO_EXT glyph_5382 = {15,14,0,1,16,bitmap_5382};
static GUI_CONST_STORAGE unsigned char bitmap_53CD[] = {0x00,0x00,0x00,0x00,0x00,0x15,0x20,0x00,0x01,0x34,0x68,0xAD,0xFF,0x90,0x00,0x7F,0xEC,0xBA,0x86,0x41,0x00,0x00,0x7A,0x00,0x00,0x00,0x00,0x00,0x00,0x7A,0x00,0x00,0x00,0x00,0x00,0x00,0x7F,0xFF,0xFF,0xFF,0xFF,0x90,0x00,0x7A,0x3E,0x22,0x22,0x2E,0x40,0x00,0x89,0x0B,0x70,0x00,0x5D,0x00,0x00,0x97,0x04,0xD1,0x00,0xC7,0x00,0x00,0xA6,0x00,0xBA,0x09,0xC0,0x00,0x00,0xD5,0x00,0x1E,0xAE,0x20,0x00,0x01,0xF1,0x00,0x0A,0xFA,0x00,0x00,0x06,0xD0,0x03,0xCD,0x6D,0xD4,0x00,0x0D,0x75,0xCF,0x91,0x01,0x8E,0xD8,0x1A,0x14,0x82,0x00,0x00,0x01,0x66};
static GUI_CONST_STORAGE GUI_CHARINFO_EXT glyph_53CD = {14,15,1,0,16,bitmap_53CD};
static GUI_CONST_STORAGE unsigned char bitmap_53D8[] = {0x00,0x00,0x00,0x4A,0x00,0x00,0x00,0x00,0x00,0x00,0x00,0x1E,0x40,0x00,0x00,0x00,0x0E,0xFF,0xFF,0xFF,0xFF,0xFF,0xFE,0x00,0x00,0x03,0x1C,0x50,0x6B,0x01,0x00,0x00,0x00,0x2E,0x1C,0x50,0x6B,0x5D,0x20,0x00,0x00,0xC7,0x0C,0x50,0x6B,0x07,0xD1,0x00,0x06,0xB0,0x0C,0x50,0x6B,0x00,0x98,0x00,0x00,0x00,0x07,0x30,0x36,0x00,0x00,0x00,0x00,0xFF,0xFF,0xFF,0xFF,0xFE,0x20,0x00,0x00,0x07,0xC1,0x00,0x01,0xC8,0x00,0x00,0x00,0x00,0xAB,0x10,0x1B,0xB0,0x00,0x00,0x00,0x00,0x09,0xE7,0xE9,0x00,0x00,0x00,0x00,0x00,0x16,0xEF,0xE6,0x10,0x00,0x00,0x15,0x8C,0xFB,0x51,0x6C,0xFB,0x86,0x10,0x0B,0x95,0x20,0x00,0x00,0x36,0x9B,0x00};
static GUI_CONST_STORAGE GUI_CHARINFO_EXT glyph_53D8 = {15,15,0,0,16,bitmap_53D8};
static GUI_CONST_STORAGE unsigned char bitmap_53F7[] = {0x00,0x3F,0xFF,0xFF,0xFF,0xFF,0x30,0x00,0x3D,0x00,0x00,0x00,0x0F,0x30,0x00,0x3D,0x00,0x00,0x00,0x0F,0x30,0x00,0x3F,0xFF,0xFF,0xFF,0xFF,0x30,0x00,0x00,0x00,0x00,0x00,0x00,0x00,0x00,0x00,0x00,0x00,0x00,0x00,0x00,0x1F,0xFF,0xFF,0xFF,0xFF,0xFF,0xFF,0x00,0x03,0xE1,0x00,0x00,0x00,0x00,0x00,0x0B,0xFF,0xFF,0xFF,0xFF,0x30,0x00,0x00,0x00,0x00,0x00,0x3F,0x10,0x00,0x00,0x00,0x00,0x00,0x5D,0x00,0x00,0x00,0x00,0x00,0x00,0x8B,0x00,0x00,0x00,0x00,0x11,0x01,0xD7,0x00,0x00,0x00,0x00,0x2F,0xFF,0xB1,0x00,0x00,0x00,0x00,0x00,0x00,0x00,0x00};
static GUI_CONST_STORAGE GUI_CHARINFO_EXT glyph_53F7 = {14,15,1,0,16,bitmap_53F7};
static GUI_CONST_STORAGE unsigned char bitmap_5426[] = {0x0F,0xFF,0xFF,0xFF,0xFF,0xFF,0xFF,0x00,0x01,0x11,0x11,0x2C,0xB1,0x11,0x11,0x00,0x00,0x00,0x01,0xCF,0x22,0x00,0x00,0x00,0x00,0x00,0x4E,0xCF,0x2E,0xB3,0x00,0x00,0x00,0x4B,0xF7,0x1F,0x11,0x8F,0x91,0x00,0x2B,0xFB,0x30,0x1F,0x10,0x03,0xCD,0x20,0x1A,0x40,0x00,0x1F,0x10,0x00,0x06,0x00,0x00,0x00,0x00,0x18,0x00,0x00,0x00,0x00,0x00,0x5F,0xFF,0xFF,0xFF,0xFF,0x70,0x00,0x00,0x5C,0x00,0x00,0x00,0x0B,0x70,0x00,0x00,0x5C,0x00,0x00,0x00,0x0B,0x70,0x00,0x00,0x5C,0x00,0x00,0x00,0x0B,0x70,0x00,0x00,0x5F,0xFF,0xFF,0xFF,0xFF,0x70,0x00,0x00,0x4A,0x00,0x00,0x00,0x09,0x50,0x00};
static GUI_CONST_STORAGE GUI_CHARINFO_EXT glyph_5426 = {15,14,0,1,16,bitmap_5426};
static GUI_CONST_STORAGE unsigned char bitmap_548C[] = {0x00,0x00,0x03,0x60,0x00,0x00,0x00,0x03,0x69,0xDF,0xB1,0x11,0x11,0x11,0x0B,0xAA,0xD1,0x01,0xFF,0xFF,0xF8,0x00,0x04,0xC0,0x01,0xF1,0x00,0x98,0x01,0x15,0xC1,0x11,0xF1,0x00,0x98,0x4F,0xFF,0xFF,0xF7,0xF1,0x00,0x98,0x00,0x0C,0xE1,0x01,0xF1,0x00,0x98,0x00,0x4F,0xFA,0x01,0xF1,0x00,0x98,0x00,0xAA,0xCB,0x71,0xF1,0x00,0x98,0x03,0xD5,0xC2,0xE3,0xF1,0x00,0x98,0x0B,0x74,0xC0,0x51,0xF1,0x00,0x98,0x6D,0x14,0xC0,0x01,0xF2,0x11,0xA8,0x23,0x04,0xC0,0x01,0xFF,0xFF,0xF8,0x00,0x04,0xC0,0x01,0xF1,0x00,0x98,0x00,0x04,0xB0,0x00,0x30,0x00,0x11};
static GUI_CONST_STORAGE GUI_CHARINFO_EXT glyph_548C = {14,15,1,0,16,bitmap_548C};
static GUI_CONST_STORAGE unsigned char bitmap_5730[] = {0x00,0x46,0x00,0x00,0x06,0x70,0x00,0x00,0x00,0x79,0x00,0x33,0x07,0x90,0x00,0x00,0x00,0x79,0x00,0x97,0x07,0x90,0x00,0x00,0x00,0x79,0x00,0x97,0x07,0x94,0xBB,0x00,0x6F,0xFF,0xF6,0x97,0x0A,0xFE,0xAB,0x00,0x01,0x7A,0x10,0x9C,0xEF,0xA0,0x5B,0x00,0x00,0x79,0x07,0xED,0x68,0x90,0x5B,0x00,0x00,0x79,0x0C,0xC7,0x07,0x90,0x5B,0x00,0x00,0x79,0x00,0x97,0x07,0x90,0x5B,0x00,0x00,0x79,0x43,0x97,0x07,0x90,0x7A,0x00,0x01,0x9E,0xD5,0x97,0x07,0x9B,0xD4,0x00,0x4E,0xA4,0x00,0x97,0x03,0x40,0x05,0x30,0x01,0x00,0x00,0x89,0x00,0x00,0x1C,0x50,0x00,0x00,0x00,0x3D,0xFF,0xFF,0xFB,0x00,0x00,0x00,0x00,0x00,0x00,0x00,0x00,0x00};
static GUI_CONST_STORAGE GUI_CHARINFO_EXT glyph_5730 = {15,15,0,0,16,bitmap_5730};
static GUI_CONST_STORAGE unsigned char bitmap_5740[] = {0x00,0x37,0x00,0x00,0x02,0xB0,0x00,0x00,0x00,0x4B,0x00,0x00,0x03,0xE0,0x00,0x00,0x00,0x4B,0x00,0x00,0x03,0xE0,0x00,0x00,0x00,0x4B,0x00,0x33,0x03,0xE0,0x00,0x00,0x5F,0xFF,0xFB,0x79,0x03,0xE0,0x00,0x00,0x01,0x5C,0x11,0x79,0x03,0xE1,0x11,0x00,0x00,0x4B,0x00,0x79,0x03,0xFF,0xFF,0x30,0x00,0x4B,0x00,0x79,0x03,0xE0,0x00,0x00,0x00,0x4B,0x00,0x79,0x03,0xE0,0x00,0x00,0x00,0x4D,0x9B,0x79,0x03,0xE0,0x00,0x00,0x16,0xCE,0x82,0x79,0x03,0xE0,0x00,0x00,0x4D,0x61,0x00,0x79,0x03,0xE0,0x00,0x00,0x00,0x00,0x00,0x79,0x03,0xE0,0x00,0x00,0x00,0x00,0x5F,0xFF,0xFF,0xFF,0xFF,0x60,0x00,0x00,0x01,0x11,0x11,0x11,0x11,0x10};
static GUI_CONST_STORAGE GUI_CHARINFO_EXT glyph_5740 = {15,15,0,0,16,bitmap_5740};
static GUI_CONST_STORAGE unsigned char bitmap_5782[] = {0x00,0x01,0x22,0x34,0x57,0x8B,0x70,0x00,0x00,0xEE,0xDD,0xCF,0xA8,0x64,0x20,0x00,0x00,0x00,0x00,0x1F,0x20,0x00,0x00,0x00,0x00,0x11,0x11,0x2F,0x21,0x11,0x10,0x00,0x07,0xFF,0xFF,0xFF,0xFF,0xFF,0xF7,0x00,0x00,0x0A,0x80,0x1F,0x20,0x7B,0x00,0x00,0x00,0x0A,0x80,0x1F,0x20,0x7B,0x00,0x00,0x3F,0xFF,0xFF,0xFF,0xFF,0xFF,0xFF,0x30,0x01,0x1A,0x81,0x2F,0x31,0x8B,0x11,0x00,0x00,0x0A,0x80,0x1F,0x20,0x7B,0x00,0x00,0x08,0xFF,0xFF,0xFF,0xFF,0xFF,0xF9,0x00,0x01,0x11,0x11,0x2F,0x31,0x11,0x11,0x00,0x00,0x00,0x00,0x1F,0x20,0x00,0x00,0x00,0x00,0xCF,0xFF,0xFF,0xFF,0xFF,0xC0,0x00,0x00,0x11,0x11,0x11,0x11,0x11,0x10,0x00};
static GUI_CONST_STORAGE GUI_CHARINFO_EXT glyph_5782 = {15,15,0,0,16,bitmap_5782};
static GUI_CONST_STORAGE unsigned char bitmap_58F0[] = {0x00,0x00,0x00,0x00,0x00,0x00,0x00,0x00,0x00,0x00,0x2F,0x00,0x00,0x00,0x0E,0xFF,0xFF,0xFF,0xFF,0xFF,0xFE,0x00,0x00,0x00,0x2F,0x00,0x00,0x00,0x00,0x00,0x00,0x2F,0x00,0x00,0x00,0x01,0xFF,0xFF,0xFF,0xFF,0xFF,0xF4,0x00,0x00,0x00,0x00,0x00,0x00,0x00,0x00,0xAE,0xEE,0xEE,0xEE,0xEE,0xE0,0x00,0xB6,0x00,0x1F,0x00,0x02,0xF0,0x00,0xB6,0x00,0x1F,0x00,0x02,0xF0,0x00,0xD5,0x00,0x1F,0x00,0x02,0xF0,0x00,0xEF,0xFF,0xFF,0xFF,0xFF,0xF0,0x02,0xF1,0x00,0x00,0x00,0x02,0xC0,0x07,0xB0,0x00,0x00,0x00,0x00,0x00,0x2E,0x40,0x00,0x00,0x00,0x00,0x00,0x38,0x00,0x00,0x00,0x00,0x00,0x00};
static GUI_CONST_STORAGE GUI_CHARINFO_EXT glyph_58F0 = {14,16,1,0,16,bitmap_58F0};
static GUI_CONST_STORAGE unsigned char bitmap_590D[] = {0x00,0x06,0xA0,0x00,0x00,0x00,0x00,0x00,0x00,0x3F,0xEE,0xEE,0xEE,0xEE,0xE7,0x00,0x03,0xE5,0x00,0x00,0x00,0x00,0x00,0x00,0x1E,0x7A,0xCC,0xCC,0xCC,0xCC,0x60,0x00,0x04,0x0C,0x50,0x00,0x00,0x0B,0x70,0x00,0x00,0x0C,0xCB,0xBB,0xBB,0xBE,0x70,0x00,0x00,0x0C,0x50,0x00,0x00,0x0B,0x70,0x00,0x00,0x0C,0xDC,0xCC,0xCC,0xCE,0x70,0x00,0x00,0x00,0x9B,0x00,0x00,0x00,0x00,0x00,0x00,0x06,0xFE,0xDD,0xDD,0xDC,0x10,0x00,0x00,0x8E,0xD5,0x00,0x02,0xD8,0x00,0x00,0x05,0xE3,0x2D,0x70,0x5E,0x90,0x00,0x00,0x00,0x20,0x02,0xEE,0xF7,0x00,0x00,0x00,0x01,0x35,0x9E,0xEA,0xDE,0xA6,0x42,0x00,0x5F,0xDB,0x84,0x00,0x03,0x7A,0xCE,0x20,0x00,0x00,0x00,0x00,0x00,0x00,0x00,0x00};
static GUI_CONST_STORAGE GUI_CHARINFO_EXT glyph_590D = {15,16,0,0,16,bitmap_590D};
static GUI_CONST_STORAGE unsigned char bitmap_5934[] = {0x00,0x00,0x00,0x01,0xA1,0x00,0x00,0x00,0x00,0x0C,0x82,0x01,0xF1,0x00,0x00,0x00,0x00,0x03,0xBE,0x62,0xF1,0x00,0x00,0x00,0x00,0x00,0x06,0x82,0xF0,0x00,0x00,0x00,0x03,0xB4,0x00,0x02,0xF0,0x00,0x00,0x00,0x01,0x7E,0xA1,0x04,0xE0,0x00,0x00,0x00,0x00,0x02,0xC5,0x05,0xC0,0x00,0x00,0x00,0x01,0x11,0x11,0x17,0xB1,0x11,0x11,0x00,0x2F,0xFF,0xFF,0xFF,0xFF,0xFF,0xFF,0x30,0x00,0x00,0x00,0x1E,0x30,0x00,0x00,0x00,0x00,0x00,0x00,0x8C,0x52,0x00,0x00,0x00,0x00,0x00,0x06,0xE3,0x7E,0x91,0x00,0x00,0x00,0x01,0xAE,0x40,0x01,0x9E,0x60,0x00,0x05,0xAE,0xA2,0x00,0x00,0x04,0xDA,0x00,0x09,0x72,0x00,0x00,0x00,0x00,0x16,0x00};
static GUI_CONST_STORAGE GUI_CHARINFO_EXT glyph_5934 = {15,15,0,0,16,bitmap_5934};
static GUI_CONST_STORAGE unsigned char bitmap_5B8F[] = {0x00,0x00,0x00,0x3C,0x00,0x00,0x00,0x00,0x00,0x00,0x00,0x1E,0x60,0x00,0x00,0x00,0x0D,0xFF,0xFF,0xFF,0xFF,0xFF,0xFD,0x00,0x0D,0x30,0x01,0x50,0x00,0x00,0x4D,0x00,0x0B,0x30,0x05,0xE0,0x00,0x00,0x3B,0x00,0x01,0x11,0x19,0xA1,0x11,0x11,0x11,0x00,0x1F,0xFF,0xFF,0xFF,0xFF,0xFF,0xFF,0x10,0x00,0x00,0x7C,0x00,0x10,0x00,0x00,0x00,0x00,0x01,0xE5,0x06,0xD0,0x00,0x00,0x00,0x00,0x08,0xC0,0x0D,0x60,0x00,0x00,0x00,0x00,0x2E,0x50,0x7D,0x01,0xD3,0x00,0x00,0x01,0xDA,0x02,0xE4,0x00,0x7D,0x10,0x00,0x1C,0xC0,0x0B,0x80,0x12,0x4D,0x90,0x00,0x2B,0x10,0x8F,0xEE,0xFE,0xCB,0xE4,0x00,0x00,0x00,0x36,0x32,0x00,0x00,0x75,0x00};
static GUI_CONST_STORAGE GUI_CHARINFO_EXT glyph_5B8F = {15,15,0,0,16,bitmap_5B8F};
static GUI_CONST_STORAGE unsigned char bitmap_5DE5[] = {0x07,0xFF,0xFF,0xFF,0xFF,0xFF,0xF7,0x00,0x01,0x22,0x22,0x5F,0x32,0x22,0x21,0x00,0x00,0x00,0x00,0x3F,0x10,0x00,0x00,0x00,0x00,0x00,0x00,0x3F,0x10,0x00,0x00,0x00,0x00,0x00,0x00,0x3F,0x10,0x00,0x00,0x00,0x00,0x00,0x00,0x3F,0x10,0x00,0x00,0x00,0x00,0x00,0x00,0x3F,0x10,0x00,0x00,0x00,0x00,0x00,0x00,0x3F,0x10,0x00,0x00,0x00,0x00,0x00,0x00,0x3F,0x10,0x00,0x00,0x00,0x00,0x00,0x00,0x3F,0x10,0x00,0x00,0x00,0x02,0x22,0x22,0x4F,0x32,0x22,0x22,0x00,0x3F,0xFF,0xFF,0xFF,0xFF,0xFF,0xFF,0x40};
static GUI_CONST_STORAGE GUI_CHARINFO_EXT glyph_5DE5 = {15,12,0,2,16,bitmap_5DE5};
static GUI_CONST_STORAGE unsigned char bitmap_5E38[] = {0x02,0x50,0x00,0xF2,0x00,0x62,0x00,0x02,0xF3,0x00,0xF2,0x03,0xF3,0x00,0x00,0x97,0x00,0xF2,0x08,0x70,0x00,0xBF,0xFF,0xFF,0xFF,0xFF,0xFF,0xC0,0xB5,0x00,0x00,0x00,0x00,0x04,0xC0,0xB5,0x6E,0xDD,0xDD,0xDE,0x84,0xC0,0x00,0x6A,0x00,0x00,0x09,0x80,0x00,0x00,0x6E,0xDD,0xDD,0xDE,0x80,0x00,0x00,0x00,0x00,0xD4,0x00,0x00,0x00,0x00,0x00,0x00,0xD4,0x00,0x00,0x00,0x0B,0xFF,0xFF,0xFF,0xFF,0xFD,0x00,0x0B,0x60,0x00,0xD4,0x00,0x4D,0x00,0x0B,0x60,0x00,0xD4,0x00,0x4D,0x00,0x0B,0x60,0x00,0xD4,0x4F,0xE9,0x00,0x00,0x00,0x00,0xA3,0x00,0x00,0x00};
static GUI_CONST_STORAGE GUI_CHARINFO_EXT glyph_5E38 = {13,15,1,0,16,bitmap_5E38};
static GUI_CONST_STORAGE unsigned char bitmap_5E73[] = {0x07,0xFF,0xFF,0xFF,0xFF,0xFF,0xF6,0x00,0x01,0x22,0x22,0x3F,0x22,0x22,0x21,0x00,0x00,0x3C,0x00,0x2F,0x10,0x0D,0x40,0x00,0x00,0x0D,0x40,0x2F,0x10,0x4E,0x00,0x00,0x00,0x08,0xA0,0x2F,0x10,0xA8,0x00,0x00,0x00,0x03,0xD0,0x2F,0x12,0xE1,0x00,0x00,0x00,0x00,0x00,0x2F,0x10,0x10,0x00,0x00,0x3F,0xFF,0xFF,0xFF,0xFF,0xFF,0xFF,0x30,0x02,0x22,0x22,0x3F,0x22,0x22,0x22,0x00,0x00,0x00,0x00,0x2F,0x10,0x00,0x00,0x00,0x00,0x00,0x00,0x2F,0x10,0x00,0x00,0x00,0x00,0x00,0x00,0x2F,0x10,0x00,0x00,0x00,0x00,0x00,0x00,0x2F,0x10,0x00,0x00,0x00,0x00,0x00,0x00,0x2D,0x10,0x00,0x00,0x00};
static GUI_CONST_STORAGE GUI_CHARINFO_EXT glyph_5E73 = {15,14,0,1,16,bitmap_5E73};
static GUI_CONST_STORAGE unsigned char bitmap_5E8F[] = {0x00,0x00,0x00,0x09,0x50,0x00,0x00,0x00,0x00,0x11,0x11,0x17,0xC1,0x11,0x11,0x00,0x03,0xFF,0xFF,0xFF,0xFF,0xFF,0xFF,0x40,0x03,0xD0,0x00,0x00,0x00,0x00,0x00,0x00,0x03,0xD0,0xAE,0xEE,0xEE,0xEE,0x80,0x00,0x03,0xD0,0x00,0x20,0x01,0xBB,0x10,0x00,0x03,0xD0,0x02,0xDA,0x6E,0x80,0x00,0x00,0x03,0xD0,0x00,0x06,0xDC,0x20,0x00,0x00,0x04,0xC8,0xFF,0xFF,0xFF,0xFF,0xFE,0x10,0x05,0xB0,0x00,0x00,0xD4,0x00,0xC7,0x00,0x07,0x90,0x00,0x00,0xD4,0x08,0xB0,0x00,0x0A,0x70,0x00,0x00,0xD4,0x08,0x10,0x00,0x0D,0x40,0x00,0x00,0xD4,0x00,0x00,0x00,0x3E,0x00,0x00,0x00,0xE4,0x00,0x00,0x00,0x48,0x00,0x07,0xFE,0xC1,0x00,0x00,0x00};
static GUI_CONST_STORAGE GUI_CHARINFO_EXT glyph_5E8F = {15,15,0,0,16,bitmap_5E8F};
static GUI_CONST_STORAGE unsigned char bitmap_5EA6[] = {0x00,0x00,0x00,0x08,0x50,0x00,0x00,0x00,0x00,0x11,0x11,0x18,0xC1,0x11,0x11,0x00,0x02,0xFF,0xFF,0xFF,0xFF,0xFF,0xFF,0x30,0x02,0xF0,0x02,0x70,0x00,0x45,0x00,0x00,0x02,0xF0,0x03,0xD0,0x00,0x79,0x00,0x00,0x02,0xF9,0xEE,0xFE,0xEE,0xFF,0xEE,0x10,0x02,0xF0,0x03,0xD0,0x00,0x79,0x00,0x00,0x02,0xE0,0x03,0xFD,0xDD,0xE9,0x00,0x00,0x03,0xE0,0x00,0x00,0x00,0x00,0x00,0x00,0x04,0xC6,0xEE,0xEE,0xEE,0xEE,0xB0,0x00,0x06,0xB0,0x0A,0x90,0x00,0x3E,0x40,0x00,0x09,0x80,0x01,0xDA,0x16,0xE6,0x00,0x00,0x0D,0x50,0x00,0x2D,0xFF,0x50,0x00,0x00,0x3E,0x17,0x9C,0xFB,0x7A,0xFC,0x96,0x20,0x27,0x08,0x85,0x10,0x00,0x15,0x9B,0x10};
static GUI_CONST_STORAGE GUI_CHARINFO_EXT glyph_5EA6 = {15,15,0,0,16,bitmap_5EA6};
static GUI_CONST_STORAGE unsigned char bitmap_5F00[] = {0x0A,0xFF,0xFF,0xFF,0xFF,0xFF,0xFB,0x00,0x01,0x11,0xA9,0x11,0x15,0xD1,0x11,0x00,0x00,0x00,0x98,0x00,0x04,0xD0,0x00,0x00,0x00,0x00,0x98,0x00,0x04,0xD0,0x00,0x00,0x00,0x00,0x98,0x00,0x04,0xD0,0x00,0x00,0x01,0x11,0xA9,0x11,0x15,0xD1,0x11,0x00,0x3F,0xFF,0xFF,0xFF,0xFF,0xFF,0xFF,0x30,0x00,0x00,0xC6,0x00,0x04,0xD0,0x00,0x00,0x00,0x00,0xE3,0x00,0x04,0xD0,0x00,0x00,0x00,0x04,0xE0,0x00,0x04,0xD0,0x00,0x00,0x00,0x0B,0x90,0x00,0x04,0xD0,0x00,0x00,0x00,0x7E,0x10,0x00,0x04,0xD0,0x00,0x00,0x08,0xF5,0x00,0x00,0x04,0xD0,0x00,0x00,0x0A,0x40,0x00,0x00,0x03,0xB0,0x00,0x00};
static GUI_CONST_STORAGE GUI_CHARINFO_EXT glyph_5F00 = {15,14,0,1,16,bitmap_5F00};
static GUI_CONST_STORAGE unsigned char bitmap_5F0F[] = {0x00,0x00,0x00,0x00,0x68,0x18,0x10,0x00,0x00,0x00,0x00,0x00,0x7A,0x09,0xD2,0x00,0x00,0x00,0x00,0x00,0x7B,0x00,0x73,0x00,0x3F,0xFF,0xFF,0xFF,0xFF,0xFF,0xFF,0x30,0x02,0x22,0x22,0x22,0x6D,0x22,0x22,0x00,0x00,0x00,0x00,0x00,0x4E,0x00,0x00,0x00,0x01,0x11,0x11,0x11,0x2F,0x10,0x00,0x00,0x0A,0xFF,0xFF,0xFF,0x0F,0x20,0x00,0x00,0x00,0x00,0xE3,0x00,0x0E,0x40,0x00,0x00,0x00,0x00,0xE3,0x00,0x0B,0x70,0x00,0x00,0x00,0x00,0xE3,0x00,0x08,0xB0,0x01,0x00,0x00,0x00,0xE3,0x01,0x13,0xE1,0x08,0x50,0x00,0x03,0xFB,0xDF,0x60,0xD6,0x0A,0x60,0x0B,0xEF,0xC8,0x41,0x00,0x5E,0x5D,0x30,0x06,0x40,0x00,0x00,0x00,0x07,0xEB,0x00};
static GUI_CONST_STORAGE GUI_CHARINFO_EXT glyph_5F0F = {15,15,0,0,16,bitmap_5F0F};
static GUI_CONST_STORAGE unsigned char bitmap_5F69[] = {0x00,0x13,0x46,0x8B,0x30,0x00,0x85,0x00,0x2E,0xDB,0xA8,0x63,0x00,0x0A,0xD1,0x00,0x00,0x01,0x80,0x07,0x32,0xCD,0x20,0x00,0x09,0x60,0xD3,0x0E,0x3D,0xC1,0x00,0x00,0x03,0xD0,0x78,0x5C,0x03,0x10,0x01,0x00,0x00,0xC4,0x35,0xB5,0x00,0x00,0xAC,0x00,0x00,0x20,0xA7,0x20,0x00,0x1B,0xC1,0x00,0x00,0x00,0xA7,0x00,0x05,0xEB,0x10,0x00,0x2F,0xFF,0xFF,0xFF,0x88,0x60,0x00,0x00,0x00,0x05,0xFE,0x40,0x00,0x00,0x0A,0x40,0x00,0x2E,0xD9,0xE5,0x00,0x00,0x8D,0x10,0x02,0xD6,0xA7,0x3E,0x20,0x07,0xE4,0x00,0x4E,0x80,0xA7,0x03,0x01,0xAE,0x40,0x00,0x37,0x00,0xA7,0x00,0x5D,0xB2,0x00,0x00,0x00,0x00,0x96,0x00,0x57,0x00,0x00,0x00};
static GUI_CONST_STORAGE GUI_CHARINFO_EXT glyph_5F69 = {15,15,0,0,16,bitmap_5F69};
static GUI_CONST_STORAGE unsigned char bitmap_5FAE[] = {0x00,0x49,0x00,0x74,0x00,0x58,0x00,0x00,0x02,0xE4,0x43,0x85,0x62,0x88,0x00,0x00,0x1D,0x70,0x75,0x85,0x93,0xA5,0x00,0x00,0x58,0x0A,0x85,0x85,0x94,0xDF,0xFF,0x60,0x00,0x7B,0x7E,0xEE,0xF6,0xE0,0x3C,0x00,0x02,0xE4,0x00,0x00,0x07,0xF0,0x59,0x00,0x0C,0xF3,0xBF,0xFF,0xFF,0xE3,0x77,0x00,0x8D,0xD3,0x00,0x00,0x03,0x76,0xB4,0x00,0x42,0xC3,0x1D,0xDD,0xA0,0x3A,0xE1,0x00,0x00,0xC3,0x2D,0x02,0xB0,0x0E,0xA0,0x00,0x00,0xC3,0x2C,0x02,0xC7,0x1C,0x60,0x00,0x00,0xC3,0x4B,0x04,0xFA,0x5F,0xC0,0x00,0x00,0xC3,0x78,0x06,0x82,0xD5,0xD6,0x00,0x00,0xC4,0xE3,0x00,0x2D,0x80,0x5F,0x40,0x00,0xA3,0x60,0x00,0x28,0x00,0x06,0x10};
static GUI_CONST_STORAGE GUI_CHARINFO_EXT glyph_5FAE = {15,15,0,0,16,bitmap_5FAE};
static GUI_CONST_STORAGE unsigned char bitmap_603B[] = {0x00,0x00,0xA2,0x00,0x01,0xB2,0x00,0x00,0x00,0x00,0x7C,0x00,0x08,0xC0,0x00,0x00,0x00,0x00,0x0C,0x30,0x2E,0x30,0x00,0x00,0x00,0x3F,0xFF,0xFF,0xFF,0xFF,0x40,0x00,0x00,0x3F,0x11,0x11,0x11,0x1E,0x40,0x00,0x00,0x3F,0x00,0x00,0x00,0x0E,0x40,0x00,0x00,0x3F,0x00,0x00,0x00,0x0E,0x40,0x00,0x00,0x3F,0xFF,0xFF,0xFF,0xFF,0x40,0x00,0x00,0x01,0x11,0x66,0x11,0x11,0x00,0x00,0x00,0x00,0x00,0x5E,0x50,0x02,0x30,0x00,0x01,0x90,0xC6,0x05,0xE3,0x05,0xD1,0x00,0x05,0xC0,0xC6,0x00,0x85,0x00,0xB7,0x00,0x0A,0x80,0xC6,0x00,0x00,0x34,0x4E,0x00,0x2F,0x20,0xC7,0x00,0x00,0x9A,0x0B,0x20,0x02,0x00,0x6E,0xFF,0xFF,0xE4,0x00,0x00};
static GUI_CONST_STORAGE GUI_CHARINFO_EXT glyph_603B = {15,15,0,0,16,bitmap_603B};
static GUI_CONST_STORAGE unsigned char bitmap_606F[] = {0x00,0x00,0x00,0x2C,0x10,0x00,0x00,0x00,0x00,0x00,0x00,0x7C,0x00,0x00,0x00,0x00,0x00,0x1F,0xEE,0xEE,0xEE,0xEF,0x10,0x00,0x00,0x1F,0x00,0x00,0x00,0x1F,0x10,0x00,0x00,0x1F,0xDD,0xDD,0xDD,0xDF,0x10,0x00,0x00,0x1F,0x00,0x00,0x00,0x1F,0x10,0x00,0x00,0x1F,0xDD,0xDD,0xDD,0xDF,0x10,0x00,0x00,0x1F,0x00,0x00,0x00,0x1F,0x10,0x00,0x00,0x1F,0xDD,0xDD,0xDD,0xDF,0x10,0x00,0x00,0x00,0x00,0x68,0x00,0x00,0x00,0x00,0x00,0x71,0xB0,0x2E,0x50,0x05,0xA0,0x00,0x03,0xE1,0xF1,0x05,0xE1,0x11,0xE4,0x00,0x09,0x91,0xF1,0x00,0x50,0x87,0x9A,0x00,0x1F,0x31,0xF3,0x00,0x01,0xB6,0x3E,0x10,0x15,0x00,0xAE,0xFF,0xFF,0xC1,0x01,0x00};
static GUI_CONST_STORAGE GUI_CHARINFO_EXT glyph_606F = {15,15,0,0,16,bitmap_606F};
static GUI_CONST_STORAGE unsigned char bitmap_624B[] = {0x00,0x00,0x00,0x00,0x00,0x48,0x20,0x00,0x00,0x13,0x46,0x79,0xCF,0xFD,0x60,0x00,0x02,0xED,0xCB,0xBF,0x74,0x20,0x00,0x00,0x00,0x00,0x00,0x1F,0x10,0x00,0x00,0x00,0x00,0x11,0x11,0x2F,0x21,0x11,0x10,0x00,0x04,0xFF,0xFF,0xFF,0xFF,0xFF,0xF7,0x00,0x00,0x00,0x00,0x1F,0x10,0x00,0x00,0x00,0x00,0x00,0x00,0x1F,0x10,0x00,0x00,0x00,0x02,0x22,0x22,0x2F,0x32,0x22,0x22,0x00,0x4F,0xFF,0xFF,0xFF,0xFF,0xFF,0xFF,0x40,0x00,0x00,0x00,0x1F,0x10,0x00,0x00,0x00,0x00,0x00,0x00,0x1F,0x10,0x00,0x00,0x00,0x00,0x00,0x00,0x1F,0x10,0x00,0x00,0x00,0x00,0x00,0x11,0x3F,0x10,0x00,0x00,0x00,0x00,0x01,0xFF,0xE9,0x00,0x00,0x00,0x00};
static GUI_CONST_STORAGE GUI_CHARINFO_EXT glyph_624B = {15,15,0,0,16,bitmap_624B};
static GUI_CONST_STORAGE unsigned char bitmap_6253[] = {0x00,0x0B,0x10,0x00,0x00,0x00,0x00,0x00,0x00,0x0F,0x10,0x12,0x22,0x22,0x22,0x10,0x00,0x0F,0x10,0xBF,0xFF,0xFF,0xFF,0x60,0x01,0x1F,0x21,0x00,0x00,0x7B,0x00,0x00,0x4F,0xFF,0xFF,0x30,0x00,0x7B,0x00,0x00,0x00,0x0F,0x10,0x00,0x00,0x7B,0x00,0x00,0x00,0x0F,0x10,0x00,0x00,0x7B,0x00,0x00,0x00,0x0F,0x36,0x20,0x00,0x7B,0x00,0x00,0x03,0x8F,0xFC,0x30,0x00,0x7B,0x00,0x00,0x4F,0xBF,0x30,0x00,0x00,0x7B,0x00,0x00,0x01,0x0F,0x10,0x00,0x00,0x7B,0x00,0x00,0x00,0x0F,0x10,0x00,0x00,0x7B,0x00,0x00,0x00,0x0F,0x10,0x00,0x00,0x7B,0x00,0x00,0x01,0x2F,0x10,0x01,0x33,0x9B,0x00,0x00,0x0A,0xFB,0x00,0x02,0xFF,0xD5,0x00,0x00};
static GUI_CONST_STORAGE GUI_CHARINFO_EXT glyph_6253 = {15,15,0,0,16,bitmap_6253};
static GUI_CONST_STORAGE unsigned char bitmap_6267[] = {0x00,0x58,0x00,0x02,0xC0,0x00,0x00,0x00,0x00,0x6B,0x00,0x02,0xF0,0x00,0x00,0x00,0x00,0x6B,0x00,0x02,0xF0,0x00,0x00,0x00,0x01,0x6B,0x10,0x02,0xF0,0x00,0x00,0x00,0x4F,0xFF,0xFA,0xFF,0xFF,0xFF,0x60,0x00,0x00,0x6B,0x00,0x02,0xE0,0x0C,0x50,0x00,0x00,0x6B,0x00,0x04,0xC0,0x0C,0x50,0x00,0x00,0x6B,0x44,0x97,0xB0,0x0C,0x50,0x00,0x15,0xBF,0xD5,0x8F,0xB0,0x0C,0x50,0x00,0x6D,0xCB,0x00,0x0B,0xEC,0x2C,0x50,0x00,0x00,0x6B,0x00,0x2F,0x28,0xCC,0x50,0x00,0x00,0x6B,0x00,0x7A,0x00,0x1B,0x50,0x00,0x00,0x6B,0x02,0xE4,0x00,0x09,0x78,0x50,0x01,0x7A,0x3D,0x90,0x00,0x06,0xAA,0x40,0x0D,0xE6,0x89,0x00,0x00,0x01,0xCD,0x10,0x00,0x00,0x00,0x00,0x00,0x00,0x00,0x00};
static GUI_CONST_STORAGE GUI_CHARINFO_EXT glyph_6267 = {15,16,0,0,16,bitmap_6267};
static GUI_CONST_STORAGE unsigned char bitmap_6301[] = {0x00,0x68,0x00,0x00,0x08,0x60,0x00,0x00,0x00,0x79,0x00,0x00,0x09,0x70,0x00,0x00,0x00,0x79,0x00,0xCF,0xFF,0xFF,0xFA,0x00,0x6F,0xFF,0xF3,0x00,0x0A,0x70,0x00,0x00,0x01,0x7A,0x10,0x00,0x09,0x70,0x00,0x00,0x00,0x79,0x09,0xFF,0xFF,0xFF,0xFF,0x60,0x00,0x79,0x11,0x11,0x11,0x1A,0x71,0x00,0x00,0x8D,0xE3,0x00,0x00,0x0A,0x70,0x00,0x6E,0xFC,0x46,0xFF,0xFF,0xFF,0xFF,0x40,0x34,0x79,0x00,0x14,0x11,0x1A,0x71,0x00,0x00,0x79,0x00,0x1E,0x30,0x0A,0x70,0x00,0x00,0x79,0x00,0x07,0xB0,0x0A,0x70,0x00,0x00,0x79,0x00,0x01,0xE2,0x0A,0x70,0x00,0x01,0x89,0x00,0x00,0x11,0x1B,0x60,0x00,0x0E,0xE5,0x00,0x00,0x09,0xFD,0x30,0x00};
static GUI_CONST_STORAGE GUI_CHARINFO_EXT glyph_6301 = {15,15,0,0,16,bitmap_6301};
static GUI_CONST_STORAGE unsigned char bitmap_63A7[] = {0x00,0x77,0x00,0x00,0x1C,0x10,0x00,0x00,0x00,0x87,0x00,0x00,0x0B,0x70,0x00,0x00,0x00,0x87,0x07,0xFF,0xFF,0xFF,0xFF,0x40,0x5F,0xFF,0xF8,0x80,0x00,0x00,0x0C,0x40,0x01,0x98,0x15,0x52,0xD2,0x5A,0x07,0x30,0x00,0x87,0x00,0x2D,0x70,0x0A,0xB0,0x00,0x00,0x87,0x02,0xE8,0x00,0x00,0xAA,0x00,0x00,0x8B,0xB1,0x60,0x00,0x00,0x03,0x00,0x3A,0xED,0x60,0xCF,0xFF,0xFF,0xF6,0x00,0x59,0xA7,0x00,0x00,0x0C,0x50,0x00,0x00,0x00,0x87,0x00,0x00,0x0C,0x50,0x00,0x00,0x00,0x87,0x00,0x00,0x0C,0x50,0x00,0x00,0x00,0x87,0x00,0x00,0x0C,0x50,0x00,0x00,0x00,0x97,0x0F,0xFF,0xFF,0xFF,0xFF,0x70,0x1F,0xE4,0x00,0x00,0x00,0x00,0x00,0x00};
static GUI_CONST_STORAGE GUI_CHARINFO_EXT glyph_63A7 = {15,15,0,0,16,bitmap_63A7};
static GUI_CONST_STORAGE unsigned char bitmap_6548[] = {0x00,0x08,0x20,0x00,0x05,0x70,0x00,0x00,0x00,0x09,0xA0,0x00,0x0A,0x70,0x00,0x00,0x00,0x02,0xC0,0x00,0x0D,0x40,0x00,0x00,0x2F,0xFF,0xFF,0xFA,0x1F,0xFF,0xFF,0x40,0x00,0x52,0x06,0x10,0x6B,0x11,0xB6,0x00,0x01,0xE2,0x08,0xA0,0xC9,0x00,0xE2,0x00,0x09,0x90,0x01,0xD8,0xFD,0x02,0xE0,0x00,0x4D,0x41,0x1E,0x5A,0x7D,0x36,0xB0,0x00,0x02,0x9C,0x7A,0x00,0x08,0x8B,0x60,0x00,0x00,0x0A,0xF5,0x00,0x03,0xDE,0x10,0x00,0x00,0x06,0xF9,0x00,0x00,0xD9,0x00,0x00,0x00,0x3E,0x5E,0x50,0x06,0xFE,0x20,0x00,0x02,0xD7,0x06,0xC0,0x5E,0x4A,0xC1,0x00,0x3E,0x80,0x00,0x29,0xE5,0x01,0xCD,0x20,0x04,0x00,0x00,0x1A,0x20,0x00,0x19,0x10};
static GUI_CONST_STORAGE GUI_CHARINFO_EXT glyph_6548 = {15,15,0,0,16,bitmap_6548};
static GUI_CONST_STORAGE unsigned char bitmap_654F[] = {0x00,0x84,0x00,0x00,0x07,0x60,0x00,0x00,0x00,0xE3,0x00,0x00,0x0C,0x50,0x00,0x00,0x04,0xFF,0xFF,0xFF,0x1F,0x10,0x00,0x00,0x0B,0x60,0x00,0x00,0x4F,0xFF,0xFF,0x40,0x4F,0xEE,0xEE,0xE3,0x9C,0x11,0xA6,0x00,0x4A,0xC5,0x50,0xD4,0xEE,0x00,0xD3,0x00,0x04,0xB2,0xD0,0xD9,0xAD,0x21,0xF0,0x00,0x05,0xB0,0x82,0xD3,0x29,0x74,0xC0,0x00,0x6F,0xFE,0xEE,0xFE,0x45,0xB9,0x70,0x00,0x08,0x86,0x50,0xF1,0x01,0xEE,0x20,0x00,0x0A,0x61,0xC1,0xF0,0x00,0xAC,0x00,0x00,0x0B,0xEE,0xEE,0xFE,0x33,0xEF,0x30,0x00,0x00,0x00,0x04,0xC0,0x2D,0x78,0xD1,0x00,0x00,0x00,0x08,0xA4,0xE9,0x00,0xBD,0x20,0x00,0x04,0xED,0x44,0x60,0x00,0x19,0x20};
static GUI_CONST_STORAGE GUI_CHARINFO_EXT glyph_654F = {15,15,0,0,16,bitmap_654F};
static GUI_CONST_STORAGE unsigned char bitmap_6587[] = {0x00,0x00,0x00,0x5A,0x00,0x00,0x00,0x00,0x00,0x00,0x00,0x2F,0x40,0x00,0x00,0x00,0x00,0x00,0x00,0x0A,0x60,0x00,0x00,0x00,0x4F,0xFF,0xFF,0xFF,0xFF,0xFF,0xFF,0x40,0x02,0x2B,0x82,0x22,0x22,0x9C,0x22,0x10,0x00,0x04,0xD0,0x00,0x01,0xE5,0x00,0x00,0x00,0x00,0xC6,0x00,0x06,0xD0,0x00,0x00,0x00,0x00,0x5E,0x20,0x1E,0x60,0x00,0x00,0x00,0x00,0x0A,0xB0,0xBB,0x00,0x00,0x00,0x00,0x00,0x01,0xDC,0xE1,0x00,0x00,0x00,0x00,0x00,0x00,0x9F,0xA0,0x00,0x00,0x00,0x00,0x00,0x2C,0xD6,0xDC,0x30,0x00,0x00,0x00,0x28,0xEB,0x10,0x1B,0xF8,0x20,0x00,0x2A,0xFC,0x60,0x00,0x00,0x6C,0xFB,0x30,0x1A,0x40,0x00,0x00,0x00,0x00,0x49,0x10};
static GUI_CONST_STORAGE GUI_CHARINFO_EXT glyph_6587 = {15,15,0,0,16,bitmap_6587};
static GUI_CONST_STORAGE unsigned char bitmap_65CB[] = {0x00,0x37,0x00,0x00,0xB3,0x00,0x00,0x00,0x00,0x1E,0x20,0x03,0xE0,0x00,0x00,0x00,0x01,0x19,0x71,0x19,0xFF,0xFF,0xFF,0x50,0x5F,0xFF,0xFF,0xDF,0x31,0x11,0x11,0x00,0x00,0xB5,0x00,0xBA,0x00,0x00,0x00,0x00,0x00,0xC5,0x00,0x3C,0xFF,0xFF,0xFF,0x20,0x00,0xCF,0xFF,0x00,0x01,0xE0,0x4C,0x00,0x00,0xC4,0x1F,0x02,0x31,0xE0,0x96,0x00,0x00,0xE2,0x1F,0x08,0x81,0xE0,0x00,0x00,0x00,0xF1,0x1E,0x09,0x71,0xFF,0xFC,0x00,0x02,0xE0,0x2E,0x0B,0x81,0xE0,0x00,0x00,0x06,0xB0,0x2D,0x0E,0xC1,0xE0,0x00,0x00,0x0A,0x70,0x4C,0x5C,0x58,0xE1,0x00,0x00,0x2F,0x20,0x7B,0xC5,0x05,0xCF,0xFF,0x50,0x58,0x1F,0xE5,0x20,0x00,0x00,0x00,0x00,0x00,0x00,0x00,0x00,0x00,0x00,0x00,0x00};
static GUI_CONST_STORAGE GUI_CHARINFO_EXT glyph_65CB = {15,16,0,0,16,bitmap_65CB};
static GUI_CONST_STORAGE unsigned char bitmap_65E0[] = {0x04,0xFF,0xFF,0xFF,0xFF,0xFF,0xF6,0x00,0x01,0x22,0x22,0x6C,0x22,0x22,0x21,0x00,0x00,0x00,0x00,0x6B,0x00,0x00,0x00,0x00,0x00,0x00,0x00,0x7A,0x00,0x00,0x00,0x00,0x00,0x00,0x00,0x88,0x00,0x00,0x00,0x00,0x3F,0xFF,0xFF,0xFF,0xFF,0xFF,0xFF,0x40,0x02,0x22,0x22,0xE9,0xD2,0x22,0x22,0x00,0x00,0x00,0x04,0xE5,0xC0,0x00,0x00,0x00,0x00,0x00,0x0B,0x95,0xC0,0x00,0x00,0x00,0x00,0x00,0x5E,0x15,0xC0,0x00,0x03,0x00,0x00,0x04,0xE6,0x05,0xC0,0x00,0x0B,0x50,0x01,0x7F,0x70,0x05,0xD1,0x00,0x1E,0x30,0x2E,0xD5,0x00,0x02,0xEF,0xFF,0xFC,0x00,0x06,0x10,0x00,0x00,0x02,0x22,0x10,0x00};
static GUI_CONST_STORAGE GUI_CHARINFO_EXT glyph_65E0 = {15,14,0,1,16,bitmap_65E0};
static GUI_CONST_STORAGE unsigned char bitmap_65F6[] = {0x00,0x00,0x00,0x00,0x00,0x55,0x00,0x00,0x00,0x00,0x00,0x00,0x89,0x00,0xCF,0xFF,0xE0,0x00,0x00,0x89,0x00,0xC4,0x02,0xE1,0x22,0x22,0x9A,0x21,0xC4,0x02,0xE6,0xFF,0xFF,0xFF,0xF6,0xC4,0x02,0xE0,0x00,0x00,0x89,0x00,0xCF,0xFF,0xE0,0xA7,0x00,0x89,0x00,0xC4,0x02,0xE0,0x3E,0x20,0x89,0x00,0xC4,0x02,0xE0,0x09,0xB0,0x89,0x00,0xC4,0x02,0xE0,0x01,0xF3,0x89,0x00,0xC4,0x02,0xE0,0x00,0x20,0x89,0x00,0xCF,0xFF,0xE0,0x00,0x00,0x89,0x00,0xC4,0x00,0x00,0x00,0x00,0x89,0x00,0x62,0x00,0x00,0x01,0x22,0xA8,0x00,0x00,0x00,0x00,0x05,0xFF,0xD3,0x00};
static GUI_CONST_STORAGE GUI_CHARINFO_EXT glyph_65F6 = {14,15,1,0,16,bitmap_65F6};
static GUI_CONST_STORAGE unsigned char bitmap_662F[] = {0x00,0x8E,0xDD,0xDD,0xDD,0xDE,0x70,0x00,0x00,0x88,0x00,0x00,0x00,0x0A,0x70,0x00,0x00,0x8E,0xCC,0xCC,0xCC,0xCE,0x70,0x00,0x00,0x88,0x00,0x00,0x00,0x0A,0x70,0x00,0x00,0x8E,0xDD,0xDD,0xDD,0xDE,0x70,0x00,0x00,0x00,0x00,0x00,0x00,0x00,0x00,0x00,0x2F,0xFF,0xFF,0xFF,0xFF,0xFF,0xFF,0x20,0x00,0x03,0x20,0x0E,0x30,0x00,0x00,0x00,0x00,0x0B,0x60,0x0E,0x30,0x00,0x00,0x00,0x00,0x1F,0x50,0x0E,0xFF,0xFF,0xF2,0x00,0x00,0x8E,0xD1,0x0E,0x30,0x00,0x00,0x00,0x06,0xF3,0x8E,0x7E,0x30,0x00,0x00,0x00,0x4F,0x60,0x04,0xAE,0xFF,0xFF,0xFF,0x40,0x04,0x00,0x00,0x00,0x01,0x11,0x11,0x00};
static GUI_CONST_STORAGE GUI_CHARINFO_EXT glyph_662F = {15,14,0,1,16,bitmap_662F};
static GUI_CONST_STORAGE unsigned char bitmap_663E[] = {0x00,0x7F,0xEE,0xEE,0xEE,0xEF,0x70,0x00,0x00,0x7A,0x00,0x00,0x00,0x0A,0x70,0x00,0x00,0x7E,0xDD,0xDD,0xDD,0xDE,0x70,0x00,0x00,0x7A,0x00,0x00,0x00,0x0A,0x70,0x00,0x00,0x7A,0x00,0x00,0x00,0x0A,0x70,0x00,0x00,0x7F,0xEE,0xEE,0xEE,0xEF,0x70,0x00,0x00,0x00,0x04,0x20,0x23,0x00,0x00,0x00,0x00,0x70,0x0B,0x50,0x7A,0x00,0x81,0x00,0x00,0xB6,0x0B,0x50,0x7A,0x06,0xC0,0x00,0x00,0x3D,0x0B,0x50,0x7A,0x2E,0x30,0x00,0x00,0x0B,0x4B,0x50,0x7A,0x87,0x00,0x00,0x00,0x00,0x0B,0x50,0x7A,0x00,0x00,0x00,0x6F,0xFF,0xFF,0xFF,0xFF,0xFF,0xFF,0x60,0x11,0x11,0x11,0x11,0x11,0x11,0x11,0x10};
static GUI_CONST_STORAGE GUI_CHARINFO_EXT glyph_663E = {15,14,0,1,16,bitmap_663E};
static GUI_CONST_STORAGE unsigned char bitmap_672C[] = {0x00,0x00,0x00,0x1C,0x10,0x00,0x00,0x00,0x00,0x00,0x00,0x2F,0x10,0x00,0x00,0x00,0x00,0x00,0x00,0x2F,0x10,0x00,0x00,0x00,0x02,0x22,0x22,0x3F,0x32,0x22,0x22,0x00,0x0F,0xFF,0xFF,0xFF,0xFF,0xFF,0xFF,0x10,0x00,0x00,0x0C,0x8F,0x9A,0x00,0x00,0x00,0x00,0x00,0x5E,0x2F,0x2E,0x20,0x00,0x00,0x00,0x00,0xD7,0x2F,0x19,0xB0,0x00,0x00,0x00,0x07,0xD0,0x2F,0x11,0xE6,0x00,0x00,0x00,0x4E,0x40,0x2F,0x10,0x5F,0x40,0x00,0x04,0xE8,0x22,0x3F,0x32,0x29,0xE5,0x00,0x3F,0x79,0xFF,0xFF,0xFF,0xF9,0x8F,0x30,0x03,0x00,0x00,0x2F,0x10,0x00,0x03,0x00,0x00,0x00,0x00,0x2F,0x10,0x00,0x00,0x00,0x00,0x00,0x00,0x1D,0x10,0x00,0x00,0x00};
static GUI_CONST_STORAGE GUI_CHARINFO_EXT glyph_672C = {15,15,0,0,16,bitmap_672C};
static GUI_CONST_STORAGE unsigned char bitmap_673A[] = {0x00,0x0A,0x50,0x00,0x00,0x00,0x00,0x00,0x00,0x0B,0x50,0x08,0xFF,0xFF,0x70,0x00,0x00,0x0B,0x50,0x08,0x91,0x1A,0x70,0x00,0x01,0x1B,0x61,0x18,0x80,0x09,0x70,0x00,0x3F,0xFF,0xFF,0x98,0x80,0x09,0x70,0x00,0x00,0x1F,0x50,0x08,0x80,0x09,0x70,0x00,0x00,0x6F,0x70,0x08,0x80,0x09,0x70,0x00,0x00,0xBE,0xF4,0x08,0x80,0x09,0x70,0x00,0x02,0xCB,0x8E,0x29,0x70,0x09,0x70,0x00,0x09,0x7B,0x57,0x6B,0x50,0x09,0x70,0x00,0x3E,0x1B,0x50,0x0E,0x30,0x09,0x70,0x00,0x66,0x0B,0x50,0x3E,0x00,0x09,0x73,0x80,0x00,0x0B,0x50,0x89,0x00,0x09,0x73,0xA0,0x00,0x0B,0x53,0xE3,0x00,0x09,0x85,0x90,0x00,0x0B,0x58,0x70,0x00,0x05,0xEE,0x40,0x00,0x01,0x00,0x00,0x00,0x00,0x00,0x00};
static GUI_CONST_STORAGE GUI_CHARINFO_EXT glyph_673A = {15,16,0,0,16,bitmap_673A};
static GUI_CONST_STORAGE unsigned char bitmap_679C[] = {0x00,0x9F,0xFF,0xFF,0xFF,0xFF,0xB0,0x00,0x00,0x98,0x00,0x1F,0x10,0x07,0xB0,0x00,0x00,0x98,0x00,0x1F,0x10,0x07,0xB0,0x00,0x00,0x9F,0xEE,0xEF,0xEE,0xEF,0xB0,0x00,0x00,0x98,0x00,0x1F,0x10,0x07,0xB0,0x00,0x00,0x9F,0xFF,0xFF,0xFF,0xFF,0xB0,0x00,0x00,0x00,0x00,0x1F,0x10,0x00,0x00,0x00,0x00,0x00,0x00,0x2F,0x20,0x00,0x00,0x00,0x1F,0xFF,0xFF,0xFF,0xFF,0xFF,0xFF,0x10,0x00,0x00,0x09,0xDF,0xC9,0x00,0x00,0x00,0x00,0x01,0xCB,0x2F,0x29,0xC2,0x00,0x00,0x01,0x7E,0x90,0x1F,0x10,0x7E,0x92,0x00,0x3E,0xB3,0x00,0x1F,0x10,0x02,0xAF,0x30,0x03,0x00,0x00,0x1D,0x10,0x00,0x02,0x00};
static GUI_CONST_STORAGE GUI_CHARINFO_EXT glyph_679C = {15,14,0,1,16,bitmap_679C};
static GUI_CONST_STORAGE unsigned char bitmap_6807[] = {0x00,0x0E,0x20,0x00,0x00,0x00,0x00,0x00,0x00,0x0F,0x20,0x0F,0xFF,0xFF,0xF8,0x00,0x00,0x0F,0x20,0x01,0x11,0x11,0x11,0x00,0x01,0x1F,0x31,0x00,0x00,0x00,0x00,0x00,0x4F,0xFF,0xFF,0x20,0x00,0x00,0x00,0x00,0x00,0x6F,0x20,0x11,0x11,0x11,0x11,0x00,0x00,0xBF,0xA0,0xAF,0xFF,0xFF,0xFF,0x50,0x01,0xEF,0xC7,0x00,0x07,0xA0,0x00,0x00,0x06,0x9F,0x3D,0x12,0x17,0xA0,0x30,0x00,0x0D,0x3F,0x21,0x0E,0x37,0xA2,0xE1,0x00,0x7A,0x0F,0x20,0x4D,0x07,0xA0,0xB6,0x00,0x22,0x0F,0x20,0xA7,0x07,0xA0,0x5C,0x00,0x00,0x0F,0x24,0xE1,0x07,0xA0,0x1F,0x20,0x00,0x0F,0x21,0x41,0x29,0xA0,0x06,0x10,0x00,0x0F,0x20,0x04,0xFE,0x50,0x00,0x00,0x00,0x01,0x00,0x00,0x00,0x00,0x00,0x00};
static GUI_CONST_STORAGE GUI_CHARINFO_EXT glyph_6807 = {15,16,0,0,16,bitmap_6807};
static GUI_CONST_STORAGE unsigned char bitmap_6821[] = {0x00,0x1B,0x00,0x00,0x29,0x00,0x00,0x00,0x00,0x2E,0x00,0x00,0x0D,0x60,0x00,0x00,0x00,0x2E,0x00,0x11,0x17,0x81,0x11,0x00,0x01,0x2E,0x11,0xFF,0xFF,0xFF,0xFF,0x30,0x1F,0xFF,0xF9,0x02,0x50,0x07,0x00,0x00,0x00,0x7E,0x00,0x0A,0x90,0x0B,0xA0,0x00,0x00,0xBF,0x70,0x6D,0x10,0x01,0xC7,0x00,0x01,0xEE,0xC5,0xE9,0x40,0x09,0x6E,0x10,0x05,0x9E,0x68,0x26,0xD0,0x1F,0x11,0x00,0x0C,0x4E,0x12,0x01,0xE6,0x9A,0x00,0x00,0x5C,0x2E,0x00,0x00,0x5E,0xE2,0x00,0x00,0x44,0x2E,0x00,0x00,0x2E,0xD1,0x00,0x00,0x00,0x2E,0x00,0x03,0xE9,0xBD,0x30,0x00,0x00,0x2E,0x01,0x9E,0x70,0x09,0xFB,0x20,0x00,0x1C,0x03,0xA2,0x00,0x00,0x39,0x10};
static GUI_CONST_STORAGE GUI_CHARINFO_EXT glyph_6821 = {15,15,0,0,16,bitmap_6821};
static GUI_CONST_STORAGE unsigned char bitmap_6A21[] = {0x00,0x6B,0x00,0x06,0xA0,0x0F,0x10,0x00,0x00,0x6B,0x09,0xEF,0xFE,0xEF,0xEE,0x20,0x00,0x6B,0x00,0x06,0xA0,0x0F,0x10,0x00,0x4F,0xFF,0xF3,0x04,0x60,0x09,0x10,0x00,0x01,0x8B,0x10,0xFD,0xDD,0xDD,0xE6,0x00,0x00,0xBE,0x10,0xF1,0x00,0x00,0xB6,0x00,0x00,0xFE,0x90,0xFD,0xCC,0xCC,0xE6,0x00,0x04,0xFB,0xD2,0xF1,0x00,0x00,0xB6,0x00,0x0A,0xBB,0x74,0xFD,0xCC,0xCC,0xE6,0x00,0x2E,0x6B,0x00,0x00,0x1F,0x10,0x00,0x00,0x57,0x6B,0x0D,0xEE,0xEF,0xEE,0xEE,0x20,0x01,0x6B,0x00,0x00,0xB9,0xD3,0x00,0x00,0x00,0x6B,0x00,0x09,0xD1,0x5E,0x30,0x00,0x00,0x6B,0x17,0xDC,0x20,0x07,0xEA,0x20,0x00,0x58,0x1A,0x50,0x00,0x00,0x29,0x10};
static GUI_CONST_STORAGE GUI_CHARINFO_EXT glyph_6A21 = {15,15,0,0,16,bitmap_6A21};
static GUI_CONST_STORAGE unsigned char bitmap_6B63[] = {0x0A,0xFF,0xFF,0xFF,0xFF,0xFF,0xFB,0x00,0x01,0x22,0x22,0x2B,0x82,0x22,0x21,0x00,0x00,0x00,0x00,0x0B,0x70,0x00,0x00,0x00,0x00,0x00,0x00,0x0B,0x70,0x00,0x00,0x00,0x00,0x29,0x00,0x0B,0x70,0x00,0x00,0x00,0x00,0x3F,0x00,0x0B,0x81,0x11,0x10,0x00,0x00,0x3F,0x00,0x0B,0xFF,0xFF,0xF2,0x00,0x00,0x3F,0x00,0x0B,0x70,0x00,0x00,0x00,0x00,0x3F,0x00,0x0B,0x70,0x00,0x00,0x00,0x00,0x3F,0x00,0x0B,0x70,0x00,0x00,0x00,0x00,0x3F,0x00,0x0B,0x70,0x00,0x00,0x00,0x00,0x3F,0x00,0x0B,0x70,0x00,0x00,0x00,0x3F,0xFF,0xFF,0xFF,0xFF,0xFF,0xFF,0x30,0x02,0x22,0x22,0x22,0x22,0x22,0x22,0x00};
static GUI_CONST_STORAGE GUI_CHARINFO_EXT glyph_6B63 = {15,14,0,1,16,bitmap_6B63};
static GUI_CONST_STORAGE unsigned char bitmap_6C34[] = {0x00,0x00,0x00,0x1D,0x20,0x00,0x00,0x00,0x00,0x00,0x00,0x1F,0x20,0x00,0x00,0x00,0x00,0x00,0x00,0x1F,0x20,0x00,0x00,0x00,0x00,0x00,0x00,0x1F,0x20,0x03,0xC1,0x00,0x0E,0xFF,0xFE,0x1F,0x70,0x1D,0x80,0x00,0x02,0x22,0x7C,0x1F,0xD1,0xCA,0x00,0x00,0x00,0x00,0xA8,0x1F,0xDD,0xB0,0x00,0x00,0x00,0x00,0xE4,0x1F,0x5F,0x20,0x00,0x00,0x00,0x06,0xD0,0x1F,0x2A,0xB0,0x00,0x00,0x00,0x0D,0x70,0x1F,0x22,0xE7,0x00,0x00,0x00,0x8D,0x10,0x1F,0x20,0x5F,0x60,0x00,0x06,0xF4,0x00,0x1F,0x20,0x07,0xF8,0x00,0x3F,0x70,0x00,0x1F,0x20,0x00,0x6F,0x50,0x03,0x00,0x13,0x5F,0x10,0x00,0x02,0x00,0x00,0x00,0x1E,0xEA,0x00,0x00,0x00,0x00};
static GUI_CONST_STORAGE GUI_CHARINFO_EXT glyph_6C34 = {15,15,0,0,16,bitmap_6C34};
static GUI_CONST_STORAGE unsigned char bitmap_6E29[] = {0x01,0x50,0x00,0x00,0x00,0x00,0x00,0x00,0x03,0xCC,0x36,0xFF,0xFF,0xFF,0xD0,0x00,0x00,0x05,0x66,0xA0,0x00,0x03,0xD0,0x00,0x00,0x00,0x06,0xED,0xDD,0xDE,0xD0,0x00,0x05,0x00,0x06,0xA0,0x00,0x03,0xD0,0x00,0x3E,0xB1,0x06,0xA0,0x00,0x03,0xD0,0x00,0x02,0xAB,0x06,0xFF,0xFF,0xFF,0xD0,0x00,0x00,0x01,0x00,0x00,0x00,0x00,0x00,0x00,0x00,0x04,0x1D,0xFF,0xFF,0xFF,0xF6,0x00,0x00,0x0D,0x4D,0x26,0x71,0xD0,0xA6,0x00,0x00,0x6C,0x0D,0x26,0x71,0xD0,0xA6,0x00,0x00,0xD5,0x0D,0x26,0x71,0xD0,0xA6,0x00,0x07,0xC0,0x0D,0x26,0x71,0xD0,0xA6,0x00,0x0C,0x53,0xFF,0xFF,0xFF,0xFF,0xFF,0x60,0x01,0x00,0x00,0x00,0x00,0x00,0x00,0x00};
static GUI_CONST_STORAGE GUI_CHARINFO_EXT glyph_6E29 = {15,15,0,0,16,bitmap_6E29};
static GUI_CONST_STORAGE unsigned char bitmap_706F[] = {0x00,0x07,0x30,0x00,0x00,0x00,0x00,0x00,0x00,0x0B,0x60,0x01,0x11,0x11,0x11,0x10,0x00,0x0B,0x60,0x5F,0xFF,0xFF,0xFF,0x60,0x01,0x0B,0x62,0x20,0x00,0x6C,0x00,0x00,0x09,0x4B,0x69,0x70,0x00,0x6C,0x00,0x00,0x0A,0x3B,0x6D,0x10,0x00,0x6C,0x00,0x00,0x0D,0x1B,0x99,0x00,0x00,0x6C,0x00,0x00,0x1C,0x0C,0x41,0x00,0x00,0x6C,0x00,0x00,0x00,0x0D,0x30,0x00,0x00,0x6C,0x00,0x00,0x00,0x1F,0x40,0x00,0x00,0x6C,0x00,0x00,0x00,0x4E,0xE2,0x00,0x00,0x6C,0x00,0x00,0x00,0x99,0x7D,0x10,0x00,0x6C,0x00,0x00,0x02,0xE3,0x0A,0x50,0x00,0x6C,0x00,0x00,0x0C,0xA0,0x00,0x01,0x32,0x9B,0x00,0x00,0x2C,0x10,0x00,0x01,0xFF,0xD6,0x00,0x00,0x00,0x00,0x00,0x00,0x00,0x00,0x00,0x00};
static GUI_CONST_STORAGE GUI_CHARINFO_EXT glyph_706F = {15,16,0,0,16,bitmap_706F};
static GUI_CONST_STORAGE unsigned char bitmap_7075[] = {0x00,0x00,0x00,0x00,0x00,0x00,0x00,0x00,0x00,0xFF,0xFF,0xFF,0xFF,0xFF,0x90,0x00,0x00,0x00,0x00,0x00,0x00,0x07,0x90,0x00,0x00,0x4C,0xCC,0xCC,0xCC,0xCE,0x90,0x00,0x00,0x00,0x00,0x00,0x00,0x07,0x90,0x00,0x00,0x00,0x00,0x00,0x00,0x08,0x90,0x00,0x00,0xFF,0xFF,0xFF,0xFF,0xFF,0x90,0x00,0x00,0x00,0x00,0x1A,0x10,0x00,0x00,0x00,0x00,0x1A,0x00,0x3F,0x00,0x04,0x70,0x00,0x00,0x7B,0x00,0x6E,0x00,0x0B,0x70,0x00,0x02,0xE3,0x00,0xCF,0x70,0x4D,0x00,0x00,0x00,0x40,0x05,0xE4,0xE4,0x23,0x00,0x00,0x00,0x00,0x6E,0x60,0x5E,0x71,0x00,0x00,0x03,0x7D,0xD4,0x00,0x03,0xCE,0x96,0x20,0x2D,0x95,0x00,0x00,0x00,0x03,0x8B,0x10};
static GUI_CONST_STORAGE GUI_CHARINFO_EXT glyph_7075 = {15,15,0,0,16,bitmap_7075};
static GUI_CONST_STORAGE unsigned char bitmap_7126[] = {0x00,0x01,0xD2,0x06,0x90,0x00,0x00,0x00,0x00,0x08,0xB0,0x02,0xE2,0x00,0x00,0x00,0x00,0x2F,0xFF,0xFF,0xFF,0xFF,0xFC,0x00,0x00,0xCE,0x00,0x02,0xF0,0x00,0x00,0x00,0x09,0xFE,0x00,0x02,0xF0,0x00,0x00,0x00,0x4F,0x7F,0xEE,0xEE,0xFE,0xEE,0xC0,0x00,0x02,0x3E,0x00,0x02,0xF0,0x00,0x00,0x00,0x00,0x3F,0xEE,0xEE,0xFE,0xEE,0xD0,0x00,0x00,0x3E,0x00,0x02,0xF0,0x00,0x00,0x00,0x00,0x3E,0x00,0x02,0xF0,0x00,0x00,0x00,0x00,0x3F,0xFF,0xFF,0xFF,0xFF,0xF9,0x00,0x00,0x49,0x00,0x00,0x11,0x02,0x30,0x00,0x00,0xD5,0x0C,0x40,0x98,0x04,0xE2,0x00,0x07,0xC0,0x0A,0x60,0x3E,0x00,0x9B,0x00,0x0B,0x30,0x07,0x50,0x0A,0x10,0x1C,0x20};
static GUI_CONST_STORAGE GUI_CHARINFO_EXT glyph_7126 = {15,15,0,0,16,bitmap_7126};
static GUI_CONST_STORAGE unsigned char bitmap_7248[] = {0x03,0x40,0xA3,0x00,0x00,0x24,0x77,0x00,0x07,0x90,0xC4,0x09,0xDF,0xFD,0xA7,0x10,0x07,0x90,0xC4,0x0B,0x72,0x00,0x00,0x00,0x07,0x90,0xC4,0x0B,0x50,0x00,0x00,0x00,0x07,0x90,0xC4,0x0B,0x50,0x00,0x00,0x00,0x07,0xFF,0xFF,0x9B,0xFF,0xFF,0xFD,0x00,0x07,0x90,0x00,0x0C,0x8A,0x00,0x6A,0x00,0x07,0x90,0x00,0x0C,0x5D,0x00,0xA6,0x00,0x08,0xFF,0xFA,0x0D,0x3B,0x40,0xE3,0x00,0x09,0x80,0x6A,0x0E,0x26,0xA5,0xC0,0x00,0x09,0x60,0x6A,0x0F,0x11,0xED,0x50,0x00,0x0C,0x40,0x6A,0x2E,0x00,0xAE,0x00,0x00,0x0E,0x20,0x6A,0x5B,0x05,0xFE,0x70,0x00,0x5C,0x00,0x6A,0xA7,0x7F,0x53,0xE8,0x00,0x46,0x00,0x6A,0xC3,0xC4,0x00,0x3C,0x20,0x00,0x00,0x00,0x00,0x00,0x00,0x00,0x00};
static GUI_CONST_STORAGE GUI_CHARINFO_EXT glyph_7248 = {15,16,0,0,16,bitmap_7248};
static GUI_CONST_STORAGE unsigned char bitmap_7259[] = {0x03,0xFF,0xFF,0xFF,0xFF,0xFF,0xF6,0x00,0x00,0x22,0x22,0x22,0x28,0xB2,0x21,0x00,0x00,0x0E,0x30,0x00,0x07,0xA0,0x00,0x00,0x00,0x2F,0x00,0x00,0x07,0xA0,0x00,0x00,0x00,0x5C,0x00,0x00,0x07,0xA0,0x00,0x00,0x00,0x99,0x11,0x11,0x18,0xB1,0x11,0x00,0x00,0xDF,0xFF,0xFF,0xFF,0xFF,0xFF,0x10,0x00,0x00,0x00,0x04,0xEA,0xA0,0x00,0x00,0x00,0x00,0x00,0x5E,0x47,0xA0,0x00,0x00,0x00,0x00,0x08,0xE4,0x07,0xA0,0x00,0x00,0x00,0x03,0xCD,0x20,0x07,0xA0,0x00,0x00,0x03,0xAF,0x81,0x00,0x07,0xA0,0x00,0x00,0x1E,0xA3,0x00,0x02,0x29,0xA0,0x00,0x00,0x01,0x00,0x00,0x0C,0xFD,0x50,0x00,0x00};
static GUI_CONST_STORAGE GUI_CHARINFO_EXT glyph_7259 = {15,14,0,1,16,bitmap_7259};
static GUI_CONST_STORAGE unsigned char bitmap_7387[] = {0x00,0x00,0x00,0x3A,0x00,0x00,0x00,0x00,0x00,0x00,0x00,0x1E,0x50,0x00,0x00,0x00,0x0E,0xFF,0xFF,0xFF,0xFF,0xFF,0xFF,0x20,0x01,0x10,0x00,0xB6,0x04,0x00,0x20,0x00,0x06,0xD3,0x06,0xA0,0x7C,0x05,0xE2,0x00,0x00,0x5E,0x3F,0xEF,0xD1,0x5D,0x30,0x00,0x00,0x01,0x21,0x5C,0x63,0x22,0x00,0x00,0x02,0x8D,0x78,0xD5,0x8E,0x7D,0x70,0x00,0x0C,0x71,0x5B,0xAA,0x78,0x91,0xB9,0x00,0x00,0x00,0x00,0x2F,0x10,0x00,0x00,0x00,0x4F,0xFF,0xFF,0xFF,0xFF,0xFF,0xFF,0x30,0x01,0x11,0x11,0x2F,0x21,0x11,0x11,0x00,0x00,0x00,0x00,0x2F,0x10,0x00,0x00,0x00,0x00,0x00,0x00,0x2F,0x10,0x00,0x00,0x00,0x00,0x00,0x00,0x1C,0x10,0x00,0x00,0x00};
static GUI_CONST_STORAGE GUI_CHARINFO_EXT glyph_7387 = {15,15,0,0,16,bitmap_7387};
static GUI_CONST_STORAGE unsigned char bitmap_7535[] = {0x00,0x00,0x03,0xA0,0x00,0x00,0x00,0x00,0x00,0x03,0xE0,0x00,0x00,0x00,0x02,0x22,0x25,0xE2,0x22,0x22,0x00,0x2F,0xFF,0xFF,0xFF,0xFF,0xFF,0x00,0x2F,0x10,0x03,0xE0,0x00,0x3F,0x00,0x2F,0x11,0x14,0xE1,0x11,0x3F,0x00,0x2F,0xFF,0xFF,0xFF,0xFF,0xFF,0x00,0x2F,0x10,0x03,0xE0,0x00,0x3F,0x00,0x2F,0x10,0x03,0xE0,0x00,0x3F,0x00,0x2F,0xFF,0xFF,0xFF,0xFF,0xFF,0x00,0x2F,0x22,0x25,0xE2,0x22,0x22,0x51,0x02,0x00,0x03,0xE0,0x00,0x00,0xC5,0x00,0x00,0x03,0xF3,0x00,0x02,0xF3,0x00,0x00,0x00,0xCF,0xFF,0xFF,0xB0,0x00,0x00,0x00,0x01,0x22,0x21,0x00};
static GUI_CONST_STORAGE GUI_CHARINFO_EXT glyph_7535 = {14,15,1,0,16,bitmap_7535};
static GUI_CONST_STORAGE unsigned char bitmap_767D[] = {0x00,0x00,0x6A,0x00,0x00,0x00,0x00,0x00,0xBA,0x00,0x00,0x00,0x22,0x22,0xF5,0x22,0x22,0x20,0xDF,0xFF,0xFF,0xFF,0xFF,0xD0,0xD4,0x00,0x00,0x00,0x05,0xD0,0xD4,0x00,0x00,0x00,0x05,0xD0,0xD4,0x00,0x00,0x00,0x05,0xD0,0xD5,0x22,0x22,0x22,0x26,0xD0,0xDF,0xFF,0xFF,0xFF,0xFF,0xD0,0xD4,0x00,0x00,0x00,0x05,0xD0,0xD4,0x00,0x00,0x00,0x05,0xD0,0xD4,0x00,0x00,0x00,0x05,0xD0,0xD5,0x22,0x22,0x22,0x26,0xD0,0xDF,0xFF,0xFF,0xFF,0xFF,0xD0,0xC4,0x00,0x00,0x00,0x04,0xC0};
static GUI_CONST_STORAGE GUI_CHARINFO_EXT glyph_767D = {11,15,2,0,16,bitmap_767D};
static GUI_CONST_STORAGE unsigned char bitmap_76EE[] = {0xAF,0xFF,0xFF,0xFF,0xFF,0x80,0xA8,0x22,0x22,0x22,0x2A,0x80,0xA7,0x00,0x00,0x00,0x09,0x80,0xA8,0x11,0x11,0x11,0x1A,0x80,0xAF,0xFF,0xFF,0xFF,0xFF,0x80,0xA7,0x00,0x00,0x00,0x09,0x80,0xA7,0x00,0x00,0x00,0x09,0x80,0xA8,0x11,0x11,0x11,0x1A,0x80,0xAF,0xFF,0xFF,0xFF,0xFF,0x80,0xA7,0x00,0x00,0x00,0x09,0x80,0xA7,0x00,0x00,0x00,0x09,0x80,0xA8,0x11,0x11,0x11,0x1A,0x80,0xAF,0xFF,0xFF,0xFF,0xFF,0x80,0x97,0x00,0x00,0x00,0x08,0x70};
static GUI_CONST_STORAGE GUI_CHARINFO_EXT glyph_76EE = {11,14,2,1,16,bitmap_76EE};
static GUI_CONST_STORAGE unsigned char bitmap_76F4[] = {0x00,0x00,0x00,0x2A,0x00,0x00,0x00,0x00,0x00,0x00,0x00,0x4E,0x00,0x00,0x00,0x00,0x0D,0xFF,0xFF,0xFF,0xFF,0xFF,0xFD,0x00,0x00,0x00,0x00,0x89,0x00,0x00,0x00,0x00,0x00,0x3F,0xFF,0xFF,0xFF,0xFF,0x40,0x00,0x00,0x3E,0x00,0x00,0x00,0x0D,0x40,0x00,0x00,0x3F,0xDD,0xDD,0xDD,0xDF,0x40,0x00,0x00,0x3E,0x00,0x00,0x00,0x0D,0x40,0x00,0x00,0x3F,0xDD,0xDD,0xDD,0xDF,0x40,0x00,0x00,0x3E,0x00,0x00,0x00,0x0D,0x40,0x00,0x00,0x3E,0x00,0x00,0x00,0x0D,0x40,0x00,0x00,0x3F,0xDD,0xDD,0xDD,0xDF,0x40,0x00,0x00,0x3E,0x00,0x00,0x00,0x0D,0x40,0x00,0x5F,0xFF,0xFF,0xFF,0xFF,0xFF,0xFF,0x50,0x01,0x11,0x11,0x11,0x11,0x11,0x11,0x00};
static GUI_CONST_STORAGE GUI_CHARINFO_EXT glyph_76F4 = {15,15,0,0,16,bitmap_76F4};
static GUI_CONST_STORAGE unsigned char bitmap_793A[] = {0x00,0xBF,0xFF,0xFF,0xFF,0xFF,0xC0,0x00,0x00,0x12,0x22,0x22,0x22,0x22,0x10,0x00,0x00,0x00,0x00,0x00,0x00,0x00,0x00,0x00,0x00,0x00,0x00,0x00,0x00,0x00,0x00,0x00,0x2F,0xFF,0xFF,0xFF,0xFF,0xFF,0xFF,0x20,0x02,0x22,0x22,0x3F,0x32,0x22,0x22,0x00,0x00,0x01,0x00,0x1F,0x20,0x01,0x00,0x00,0x00,0x0C,0x70,0x1F,0x20,0x8A,0x00,0x00,0x00,0x4E,0x10,0x1F,0x20,0x2E,0x40,0x00,0x00,0xB9,0x00,0x1F,0x20,0x08,0xD0,0x00,0x07,0xE2,0x00,0x1F,0x20,0x01,0xE5,0x00,0x3F,0x50,0x00,0x1F,0x20,0x00,0x9B,0x00,0x06,0x00,0x22,0x4F,0x20,0x00,0x25,0x00,0x00,0x00,0x8F,0xEA,0x00,0x00,0x00,0x00};
static GUI_CONST_STORAGE GUI_CHARINFO_EXT glyph_793A = {15,14,0,1,16,bitmap_793A};
static GUI_CONST_STORAGE unsigned char bitmap_79D2[] = {0x00,0x00,0x36,0x00,0x06,0x70,0x00,0x00,0x15,0x9D,0xFB,0x10,0x08,0x80,0x00,0x00,0x0A,0x8E,0x40,0x00,0x08,0x80,0x10,0x00,0x00,0x0D,0x40,0x09,0x48,0x83,0xD0,0x00,0x01,0x1D,0x41,0x0D,0x38,0x80,0xC5,0x00,0x5F,0xFF,0xFF,0x6F,0x08,0x80,0x6B,0x00,0x00,0x3F,0x70,0x5C,0x08,0x80,0x1F,0x10,0x00,0x9F,0xE3,0x97,0x08,0x80,0x05,0x10,0x01,0xDD,0x7D,0x21,0x08,0x80,0x85,0x00,0x09,0x7D,0x47,0x00,0x08,0x82,0xE2,0x00,0x4D,0x1D,0x40,0x00,0x01,0x2B,0x90,0x00,0x45,0x0D,0x40,0x00,0x00,0xBC,0x10,0x00,0x00,0x0D,0x40,0x00,0x5D,0xB1,0x00,0x00,0x00,0x0D,0x43,0x8D,0xE6,0x00,0x00,0x00,0x00,0x0B,0x33,0xA5,0x00,0x00,0x00,0x00};
static GUI_CONST_STORAGE GUI_CHARINFO_EXT glyph_79D2 = {15,15,0,0,16,bitmap_79D2};
static GUI_CONST_STORAGE unsigned char bitmap_7A0B[] = {0x00,0x00,0x24,0x00,0x00,0x00,0x00,0x00,0x15,0x9C,0xFA,0x2F,0xFF,0xFF,0xF9,0x00,0x2A,0x7D,0x40,0x1F,0x00,0x00,0x79,0x00,0x00,0x0C,0x40,0x1F,0x00,0x00,0x79,0x00,0x01,0x1D,0x51,0x1F,0x00,0x00,0x79,0x00,0x4F,0xFF,0xFF,0x3F,0xFF,0xFF,0xF9,0x00,0x00,0x3F,0x50,0x00,0x00,0x00,0x00,0x00,0x00,0xBE,0xE3,0x9F,0xFF,0xFF,0xFF,0x20,0x03,0xBC,0x7E,0x20,0x05,0xB0,0x00,0x00,0x0C,0x4C,0x45,0x00,0x05,0xB0,0x00,0x00,0x6B,0x0C,0x40,0x4F,0xFF,0xFF,0xFB,0x00,0x22,0x0C,0x40,0x00,0x05,0xB0,0x00,0x00,0x00,0x0C,0x40,0x00,0x05,0xB0,0x00,0x00,0x00,0x0C,0x44,0xFF,0xFF,0xFF,0xFF,0x60,0x00,0x07,0x20,0x00,0x00,0x00,0x00,0x00};
static GUI_CONST_STORAGE GUI_CHARINFO_EXT glyph_7A0B = {15,15,0,0,16,bitmap_7A0B};
static GUI_CONST_STORAGE unsigned char bitmap_7EA2[] = {0x00,0x05,0x50,0x00,0x00,0x00,0x00,0x00,0x00,0x0D,0x70,0x12,0x22,0x22,0x22,0x00,0x00,0x5E,0x10,0xAF,0xFF,0xFF,0xFF,0x00,0x00,0xC7,0x02,0x00,0x06,0xC0,0x00,0x00,0x06,0xC0,0x4E,0x10,0x06,0xC0,0x00,0x00,0x3E,0x98,0xD7,0x00,0x06,0xC0,0x00,0x00,0x4D,0xAD,0xC0,0x00,0x06,0xC0,0x00,0x00,0x00,0x4E,0x20,0x00,0x06,0xC0,0x00,0x00,0x02,0xE4,0x02,0x00,0x06,0xC0,0x00,0x00,0x2D,0xEC,0xFE,0x00,0x06,0xC0,0x00,0x00,0x2B,0x74,0x20,0x00,0x06,0xC0,0x00,0x00,0x00,0x00,0x01,0x00,0x06,0xC0,0x00,0x00,0x03,0x69,0xCE,0x12,0x27,0xD2,0x22,0x10,0x5E,0xB8,0x52,0xDF,0xFF,0xFF,0xFF,0x50,0x00,0x00,0x00,0x00,0x00,0x00,0x00,0x00};
static GUI_CONST_STORAGE GUI_CHARINFO_EXT glyph_7EA2 = {15,15,0,0,16,bitmap_7EA2};
static GUI_CONST_STORAGE unsigned char bitmap_7EFF[] = {0x00,0x07,0x10,0x00,0x00,0x00,0x00,0x00,0x00,0x4E,0x10,0x6F,0xFF,0xFF,0xF4,0x00,0x00,0xA9,0x00,0x00,0x00,0x00,0xC4,0x00,0x02,0xE2,0x42,0x1D,0xDD,0xDD,0xF3,0x00,0x09,0x90,0xD5,0x00,0x00,0x00,0xE3,0x00,0x2F,0x78,0xC0,0x00,0x00,0x00,0xE2,0x00,0x5E,0xBF,0x50,0xDF,0xFF,0xFF,0xFF,0x60,0x00,0x6B,0x00,0x11,0x06,0xA0,0x01,0x00,0x02,0xE2,0x10,0x6C,0x16,0xA0,0x6D,0x10,0x2D,0xDD,0xE3,0x09,0xA6,0xD7,0xB1,0x00,0x2B,0x73,0x00,0x00,0x5D,0xFC,0x00,0x00,0x00,0x00,0x31,0x07,0xD9,0xAC,0x70,0x00,0x04,0x9D,0xE5,0xCB,0x16,0xA1,0xDA,0x20,0x4D,0x94,0x01,0x60,0x06,0xA0,0x18,0x30,0x00,0x00,0x00,0x00,0xCE,0x60,0x00,0x00};
static GUI_CONST_STORAGE GUI_CHARINFO_EXT glyph_7EFF = {15,15,0,0,16,bitmap_7EFF};
static GUI_CONST_STORAGE unsigned char bitmap_7F6E[] = {0x04,0xFC,0xCE,0xDC,0xDE,0xCC,0xE6,0x00,0x04,0xC0,0x0C,0x40,0x4B,0x00,0xB6,0x00,0x03,0xCC,0xCC,0xDF,0xCC,0xCC,0xC5,0x00,0x00,0x00,0x00,0x4D,0x00,0x00,0x00,0x00,0x0D,0xDD,0xDD,0xEE,0xDD,0xDD,0xDB,0x00,0x00,0x00,0x00,0x88,0x00,0x00,0x00,0x00,0x00,0x2F,0xBB,0xBB,0xBB,0xBF,0x20,0x00,0x00,0x2F,0xAA,0xAA,0xAA,0xAF,0x20,0x00,0x00,0x2E,0x00,0x00,0x00,0x0F,0x20,0x00,0x00,0x2F,0xAA,0xAA,0xAA,0xAF,0x20,0x00,0x00,0x2F,0xAA,0xAA,0xAA,0xAF,0x20,0x00,0x00,0x2E,0x00,0x00,0x00,0x0F,0x20,0x00,0x2C,0xDF,0xCC,0xCC,0xCC,0xCF,0xDC,0x20};
static GUI_CONST_STORAGE GUI_CHARINFO_EXT glyph_7F6E = {15,13,0,1,16,bitmap_7F6E};
static GUI_CONST_STORAGE unsigned char bitmap_80FD[] = {0x00,0x1B,0x10,0x00,0x94,0x00,0x00,0x00,0x00,0x8B,0x2A,0x00,0xB5,0x00,0x61,0x00,0x02,0xE2,0x0B,0x70,0xB7,0x8D,0xA3,0x00,0x1C,0xC7,0x8B,0xE1,0xBC,0x61,0x00,0x00,0x0A,0xA8,0x76,0xC5,0xB5,0x00,0x07,0x20,0x00,0x00,0x00,0x10,0xB7,0x00,0x1D,0x30,0x08,0xFF,0xFF,0xD0,0x6F,0xFF,0xFC,0x00,0x08,0x80,0x04,0xD0,0x53,0x00,0x00,0x00,0x08,0xED,0xDE,0xD0,0xB5,0x00,0x42,0x00,0x08,0x80,0x04,0xD0,0xB5,0x3A,0xF8,0x00,0x08,0x80,0x04,0xD0,0xBE,0xFB,0x40,0x00,0x08,0xED,0xDE,0xD0,0xB9,0x10,0x00,0x00,0x08,0x80,0x04,0xD0,0xB5,0x00,0x09,0x50,0x08,0x80,0x05,0xD0,0xB7,0x00,0x0C,0x40,0x08,0x80,0xDE,0x80,0x6E,0xFF,0xFC,0x10,0x01,0x10,0x00,0x00,0x00,0x00,0x00,0x00};
static GUI_CONST_STORAGE GUI_CHARINFO_EXT glyph_80FD = {15,16,0,0,16,bitmap_80FD};
static GUI_CONST_STORAGE unsigned char bitmap_8272[] = {0x00,0x00,0x09,0x10,0x00,0x00,0x00,0x00,0x00,0x00,0x8E,0x10,0x00,0x00,0x00,0x00,0x00,0x03,0xFF,0xFF,0xFF,0x60,0x00,0x00,0x00,0x1C,0x90,0x00,0x7C,0x10,0x00,0x00,0x01,0xCC,0x11,0x14,0xE3,0x11,0x10,0x00,0x2D,0xEF,0xFF,0xFF,0xFF,0xFF,0xE0,0x00,0x19,0x7A,0x00,0x0D,0x30,0x03,0xE0,0x00,0x00,0x7A,0x00,0x0D,0x30,0x03,0xE0,0x00,0x00,0x7A,0x11,0x1E,0x41,0x14,0xE0,0x00,0x00,0x7F,0xFF,0xFF,0xFF,0xFF,0xE0,0x00,0x00,0x7A,0x00,0x00,0x00,0x02,0xA0,0x00,0x00,0x7A,0x00,0x00,0x00,0x00,0x06,0x20,0x00,0x7A,0x00,0x00,0x00,0x00,0x0C,0x50,0x00,0x5D,0x21,0x00,0x00,0x01,0x4F,0x20,0x00,0x0A,0xEF,0xFF,0xFF,0xFF,0xD6,0x00};
static GUI_CONST_STORAGE GUI_CHARINFO_EXT glyph_8272 = {15,15,0,0,16,bitmap_8272};
static GUI_CONST_STORAGE unsigned char bitmap_82F1[] = {0x00,0x00,0x00,0x00,0x00,0x00,0x00,0x00,0x00,0x00,0xC5,0x00,0x06,0xB0,0x00,0x00,0x0F,0xFF,0xFF,0xFF,0xFF,0xFF,0xFE,0x00,0x00,0x00,0xC5,0x00,0x06,0xB0,0x00,0x00,0x00,0x00,0xC5,0x2B,0x06,0xB0,0x00,0x00,0x00,0x00,0x00,0x2F,0x00,0x00,0x00,0x00,0x00,0x9F,0xFF,0xFF,0xFF,0xFF,0xA0,0x00,0x00,0x97,0x00,0x2F,0x00,0x07,0xA0,0x00,0x00,0x97,0x00,0x2F,0x00,0x07,0xA0,0x00,0x00,0x97,0x00,0x3F,0x00,0x07,0xA0,0x00,0x2F,0xFF,0xFF,0xFF,0xFF,0xFF,0xFF,0x30,0x01,0x11,0x11,0xCD,0xD2,0x11,0x11,0x00,0x00,0x00,0x09,0xE1,0xC9,0x00,0x00,0x00,0x00,0x03,0xBE,0x30,0x2D,0xB3,0x00,0x00,0x17,0xCF,0x91,0x00,0x01,0xAF,0xB7,0x20,0x1B,0x72,0x00,0x00,0x00,0x03,0x8B,0x20};
static GUI_CONST_STORAGE GUI_CHARINFO_EXT glyph_82F1 = {15,16,0,0,16,bitmap_82F1};
static GUI_CONST_STORAGE unsigned char bitmap_83DC[] = {0x00,0x00,0x88,0x00,0x08,0x80,0x00,0x00,0x1F,0xFF,0xFF,0xFF,0xFF,0xFF,0xFF,0x20,0x00,0x00,0x98,0x00,0x09,0x90,0x00,0x00,0x00,0x01,0x56,0x45,0x7A,0xCE,0xA0,0x00,0x08,0xEE,0xDC,0xBB,0x97,0x63,0x10,0x00,0x00,0x52,0x00,0x75,0x00,0x03,0xD1,0x00,0x00,0x8B,0x00,0x6C,0x00,0x0A,0x90,0x00,0x00,0x1E,0x30,0x1D,0x10,0x4D,0x10,0x00,0x00,0x01,0x00,0x2F,0x10,0x23,0x00,0x00,0x2F,0xFF,0xFF,0xFF,0xFF,0xFF,0xFF,0x30,0x00,0x00,0x1B,0xDF,0xC9,0x10,0x00,0x00,0x00,0x02,0xDA,0x2F,0x1B,0xC2,0x00,0x00,0x02,0x9F,0x90,0x2F,0x10,0xAE,0x92,0x00,0x4F,0xC4,0x00,0x2F,0x10,0x04,0xCF,0x30,0x04,0x00,0x00,0x1C,0x10,0x00,0x03,0x00};
static GUI_CONST_STORAGE GUI_CHARINFO_EXT glyph_83DC = {15,15,0,0,16,bitmap_83DC};
static GUI_CONST_STORAGE unsigned char bitmap_84DD[] = {0x00,0x00,0x96,0x00,0x07,0x90,0x00,0x00,0x2F,0xFF,0xFF,0xFF,0xFF,0xFF,0xFF,0x30,0x00,0x00,0xA7,0x00,0x07,0xA0,0x00,0x00,0x00,0x00,0x45,0x00,0x47,0x20,0x00,0x00,0x00,0x40,0x4D,0x00,0xA8,0x00,0x00,0x00,0x01,0xF0,0x4D,0x00,0xEF,0xFF,0xF9,0x00,0x01,0xF0,0x4D,0x06,0xC1,0x90,0x00,0x00,0x01,0xF0,0x4D,0x1E,0x50,0xA8,0x00,0x00,0x01,0xF0,0x4D,0x06,0x00,0x2E,0x20,0x00,0x00,0x00,0x26,0x00,0x00,0x05,0x10,0x00,0x00,0xAE,0xEE,0xEE,0xEE,0xEE,0xB0,0x00,0x00,0xA6,0x08,0x70,0x78,0x05,0xB0,0x00,0x00,0xA6,0x08,0x70,0x78,0x05,0xB0,0x00,0x5F,0xFF,0xFF,0xFF,0xFF,0xFF,0xFF,0x50};
static GUI_CONST_STORAGE GUI_CHARINFO_EXT glyph_84DD = {15,14,0,1,16,bitmap_84DD};
static GUI_CONST_STORAGE unsigned char bitmap_884C[] = {0x00,0x05,0xA0,0x00,0x00,0x00,0x00,0x00,0x00,0x4E,0x40,0x7F,0xFF,0xFF,0xFD,0x00,0x04,0xE7,0x00,0x11,0x11,0x11,0x11,0x00,0x3F,0x70,0x21,0x00,0x00,0x00,0x00,0x00,0x17,0x01,0xE6,0x00,0x00,0x00,0x00,0x00,0x00,0x0A,0xC0,0x11,0x11,0x11,0x11,0x00,0x00,0x5F,0x32,0xFF,0xFF,0xFF,0xFF,0x50,0x05,0xFF,0x00,0x00,0x00,0x1F,0x10,0x00,0x5F,0x8F,0x00,0x00,0x00,0x1F,0x10,0x00,0x26,0x2F,0x00,0x00,0x00,0x1F,0x10,0x00,0x00,0x2F,0x00,0x00,0x00,0x1F,0x10,0x00,0x00,0x2F,0x00,0x00,0x00,0x1F,0x10,0x00,0x00,0x2F,0x00,0x00,0x00,0x1F,0x10,0x00,0x00,0x2F,0x00,0x00,0x11,0x3F,0x00,0x00,0x00,0x2F,0x00,0x00,0x9F,0xEA,0x00,0x00,0x00,0x01,0x00,0x00,0x00,0x00,0x00,0x00};
static GUI_CONST_STORAGE GUI_CHARINFO_EXT glyph_884C = {15,16,0,0,16,bitmap_884C};
static GUI_CONST_STORAGE unsigned char bitmap_8A00[] = {0x00,0x00,0x00,0x66,0x00,0x00,0x00,0x00,0x00,0x00,0x00,0x5F,0x20,0x00,0x00,0x00,0x00,0x00,0x00,0x0B,0x80,0x00,0x00,0x00,0x3F,0xFF,0xFF,0xFF,0xFF,0xFF,0xFF,0x40,0x00,0x00,0x00,0x00,0x00,0x00,0x00,0x00,0x00,0x0E,0xEE,0xEE,0xEE,0xEE,0x00,0x00,0x00,0x00,0x00,0x00,0x00,0x00,0x00,0x00,0x00,0x0E,0xEE,0xEE,0xEE,0xEE,0x00,0x00,0x00,0x00,0x00,0x00,0x00,0x00,0x00,0x00,0x00,0x00,0x00,0x00,0x00,0x00,0x00,0x00,0x00,0x2F,0xFF,0xFF,0xFF,0xFF,0x30,0x00,0x00,0x2E,0x00,0x00,0x00,0x0E,0x30,0x00,0x00,0x2E,0x00,0x00,0x00,0x0E,0x30,0x00,0x00,0x2F,0xEE,0xEE,0xEE,0xEF,0x30,0x00,0x00,0x2B,0x00,0x00,0x00,0x0A,0x20,0x00};
static GUI_CONST_STORAGE GUI_CHARINFO_EXT glyph_8A00 = {15,15,0,0,16,bitmap_8A00};
static GUI_CONST_STORAGE unsigned char bitmap_8BBE[] = {0x00,0x20,0x00,0x00,0x11,0x11,0x00,0x00,0x00,0xD7,0x00,0x0A,0xFF,0xFF,0x20,0x00,0x00,0x2D,0x70,0x0A,0x60,0x0E,0x20,0x00,0x00,0x03,0x50,0x0C,0x50,0x0E,0x20,0x00,0x00,0x00,0x00,0x5E,0x10,0x0E,0x20,0x00,0x5F,0xFD,0x07,0xE5,0x00,0x0A,0xFF,0x30,0x01,0x5D,0x04,0x30,0x00,0x00,0x00,0x00,0x00,0x4D,0x04,0xFF,0xFF,0xFF,0xF4,0x00,0x00,0x4D,0x00,0x7A,0x11,0x14,0xE0,0x00,0x00,0x4D,0x00,0x1E,0x30,0x0B,0x80,0x00,0x00,0x4D,0x02,0x06,0xD1,0x7C,0x10,0x00,0x00,0x4D,0x9C,0x00,0x9D,0xE2,0x00,0x00,0x00,0x6F,0xC2,0x03,0xBF,0xE6,0x00,0x00,0x00,0xCA,0x05,0xBF,0x91,0x6E,0xD8,0x20,0x00,0x30,0x07,0x82,0x00,0x01,0x6B,0x10};
static GUI_CONST_STORAGE GUI_CHARINFO_EXT glyph_8BBE = {15,15,0,0,16,bitmap_8BBE};
static GUI_CONST_STORAGE unsigned char bitmap_8BED[] = {0x00,0x00,0x00,0x00,0x00,0x00,0x00,0x00,0x04,0xD2,0x0A,0xFF,0xFF,0xFF,0xFD,0x00,0x00,0x4D,0x30,0x00,0xC5,0x00,0x00,0x00,0x00,0x01,0x02,0xFF,0xFF,0xFF,0xD0,0x00,0x00,0x00,0x00,0x04,0xD0,0x04,0xC0,0x00,0x5F,0xFC,0x00,0x07,0xA0,0x05,0xB0,0x00,0x12,0x5C,0x00,0x0A,0x80,0x06,0xA0,0x00,0x00,0x4C,0x3F,0xFF,0xFF,0xFF,0xFF,0x50,0x00,0x4C,0x00,0x00,0x00,0x00,0x00,0x00,0x00,0x4C,0x00,0xFF,0xFF,0xFF,0xF5,0x00,0x00,0x4C,0x02,0xF2,0x00,0x00,0xC5,0x00,0x00,0x4C,0x9C,0xF2,0x00,0x00,0xB5,0x00,0x00,0x5F,0xB1,0xF2,0x00,0x00,0xB5,0x00,0x00,0x88,0x00,0xFF,0xFF,0xFF,0xF5,0x00,0x00,0x00,0x00,0xB1,0x00,0x00,0x84,0x00};
static GUI_CONST_STORAGE GUI_CHARINFO_EXT glyph_8BED = {15,15,0,0,16,bitmap_8BED};
static GUI_CONST_STORAGE unsigned char bitmap_8BEF[] = {0x00,0x20,0x00,0x00,0x00,0x00,0x00,0x00,0x03,0xE4,0x00,0x9F,0xFF,0xFF,0xF6,0x00,0x00,0x5E,0x30,0x97,0x00,0x00,0xA6,0x00,0x00,0x05,0x20,0x97,0x00,0x00,0xA6,0x00,0x00,0x00,0x00,0x9F,0xFF,0xFF,0xF6,0x00,0x5F,0xFD,0x00,0x00,0x00,0x00,0x00,0x00,0x01,0x4D,0x00,0x00,0x00,0x00,0x00,0x00,0x00,0x3D,0x00,0xFF,0xFF,0xFF,0xFD,0x00,0x00,0x3D,0x00,0x00,0x0B,0x50,0x00,0x00,0x00,0x3D,0x00,0x00,0x0C,0x40,0x00,0x00,0x00,0x3D,0x08,0xFF,0xFF,0xFF,0xFF,0x60,0x00,0x3D,0x14,0x00,0x6E,0xD1,0x00,0x00,0x00,0x4E,0xD7,0x02,0xE5,0x9B,0x00,0x00,0x00,0x9D,0x32,0x7E,0x70,0x0B,0xD6,0x10,0x00,0x21,0x09,0x93,0x00,0x00,0x5C,0x30};
static GUI_CONST_STORAGE GUI_CHARINFO_EXT glyph_8BEF = {15,15,0,0,16,bitmap_8BEF};
static GUI_CONST_STORAGE unsigned char bitmap_8C03[] = {0x00,0x20,0x00,0x00,0x00,0x00,0x00,0x03,0xE4,0x04,0xFF,0xFF,0xFF,0xFD,0x00,0x5E,0x34,0xB0,0x05,0x10,0x3D,0x00,0x08,0x44,0xB0,0x0B,0x30,0x3D,0x00,0x00,0x04,0xB4,0xDE,0xEC,0x3D,0x01,0x11,0x04,0xB0,0x0B,0x30,0x3D,0x5F,0xFD,0x04,0xB8,0xDE,0xDD,0x6D,0x00,0x4D,0x04,0xB0,0x00,0x00,0x3D,0x00,0x4D,0x05,0xA4,0xCC,0xC9,0x3D,0x00,0x4D,0x06,0x95,0x80,0x2B,0x3D,0x00,0x4D,0x19,0x75,0x80,0x2B,0x3D,0x00,0x4E,0xDE,0x45,0xED,0xDB,0x3D,0x00,0x7F,0x9E,0x15,0x80,0x00,0x3D,0x00,0xDA,0x5B,0x00,0x00,0x00,0x3D,0x00,0x50,0x84,0x00,0x00,0x0E,0xE8};
static GUI_CONST_STORAGE GUI_CHARINFO_EXT glyph_8C03 = {14,15,1,0,16,bitmap_8C03};
static GUI_CONST_STORAGE unsigned char bitmap_8F6C[] = {0x00,0x0B,0x10,0x00,0x00,0xC2,0x00,0x00,0x00,0x3E,0x00,0x00,0x03,0xE0,0x00,0x00,0x5F,0xFF,0xFF,0x4F,0xFF,0xFF,0xFD,0x00,0x01,0xA6,0x11,0x01,0x1B,0x71,0x11,0x00,0x00,0xD3,0x60,0x00,0x0E,0x30,0x00,0x00,0x04,0xA5,0xB0,0x9F,0xFF,0xFF,0xFF,0x60,0x0A,0x56,0xB0,0x11,0x9A,0x11,0x11,0x00,0x1F,0xFF,0xFF,0x40,0xC5,0x00,0x00,0x00,0x01,0x05,0xB0,0x02,0xFF,0xFF,0xF8,0x00,0x00,0x05,0xB0,0x20,0x11,0x15,0xE1,0x00,0x14,0x7B,0xFF,0xA0,0x20,0x1E,0x50,0x00,0x4E,0xBB,0xC1,0x00,0xBC,0xAA,0x00,0x00,0x00,0x05,0xB0,0x00,0x09,0xF5,0x00,0x00,0x00,0x05,0xB0,0x00,0x00,0x5E,0x60,0x00,0x00,0x04,0x90,0x00,0x00,0x04,0x60,0x00};
static GUI_CONST_STORAGE GUI_CHARINFO_EXT glyph_8F6C = {15,15,0,0,16,bitmap_8F6C};
static GUI_CONST_STORAGE unsigned char bitmap_8F6F[] = {0x00,0x06,0x70,0x00,0x3A,0x00,0x00,0x00,0x00,0x0B,0x60,0x00,0x6C,0x00,0x00,0x00,0x4F,0xFF,0xFF,0xF2,0x9A,0x00,0x00,0x00,0x01,0x6C,0x11,0x10,0xCF,0xFF,0xFF,0x40,0x00,0x96,0x20,0x02,0xF2,0x00,0x0E,0x10,0x01,0xE1,0xD3,0x09,0xB0,0x90,0x3C,0x00,0x06,0xB0,0xD3,0x0D,0x31,0xF0,0x68,0x00,0x0C,0xFF,0xFF,0xF2,0x02,0xF1,0x00,0x00,0x01,0x00,0xD3,0x00,0x04,0xF4,0x00,0x00,0x00,0x00,0xD3,0x10,0x07,0xF8,0x00,0x00,0x14,0x68,0xEE,0xF3,0x0D,0x7D,0x00,0x00,0x4F,0xCA,0xE6,0x20,0x5D,0x0B,0x60,0x00,0x00,0x00,0xD3,0x01,0xD6,0x05,0xE2,0x00,0x00,0x00,0xD3,0x1C,0xB0,0x00,0xAD,0x20,0x00,0x00,0xA2,0x29,0x10,0x00,0x19,0x10};
static GUI_CONST_STORAGE GUI_CHARINFO_EXT glyph_8F6F = {15,15,0,0,16,bitmap_8F6F};
static GUI_CONST_STORAGE unsigned char bitmap_8F74[] = {0x00,0x1B,0x00,0x00,0x01,0xB0,0x00,0x00,0x4D,0x00,0x00,0x02,0xF0,0x00,0x3F,0xFF,0xFF,0x40,0x02,0xF0,0x00,0x01,0xB6,0x11,0x00,0x02,0xF0,0x00,0x00,0xE1,0x20,0x1F,0xFF,0xFF,0xFE,0x04,0xB3,0xC0,0x1E,0x01,0xF0,0x2E,0x09,0x63,0xC0,0x1E,0x01,0xF0,0x2E,0x0E,0xFF,0xFF,0x5E,0x01,0xF0,0x2E,0x01,0x03,0xC0,0x1F,0xFF,0xFF,0xFE,0x00,0x03,0xC0,0x1E,0x01,0xF0,0x2E,0x03,0x6A,0xFE,0x6E,0x01,0xF0,0x2E,0x4F,0xCA,0xD2,0x1E,0x01,0xF0,0x2E,0x01,0x03,0xC0,0x1E,0x01,0xF0,0x2E,0x00,0x03,0xC0,0x1F,0xFF,0xFF,0xFE,0x00,0x02,0xA0,0x1D,0x00,0x00,0x1B};
static GUI_CONST_STORAGE GUI_CHARINFO_EXT glyph_8F74 = {14,15,1,0,16,bitmap_8F74};
static GUI_CONST_STORAGE unsigned char bitmap_8FD0[] = {0x00,0x00,0x00,0x00,0x00,0x00,0x00,0x00,0x0A,0x91,0x05,0xFF,0xFF,0xFF,0xF4,0x00,0x01,0xCC,0x20,0x11,0x11,0x11,0x10,0x00,0x00,0x1A,0x20,0x00,0x00,0x00,0x00,0x00,0x00,0x00,0x01,0x11,0x11,0x11,0x11,0x00,0x01,0x11,0x4F,0xFF,0xFF,0xFF,0xFF,0x50,0x6F,0xFB,0x00,0x07,0xD0,0x01,0x00,0x00,0x00,0x5B,0x00,0x0D,0x60,0x7A,0x00,0x00,0x00,0x5B,0x00,0x5E,0x10,0x1E,0x30,0x00,0x00,0x5B,0x00,0xC6,0x00,0x07,0xB0,0x00,0x00,0x5B,0x07,0xF9,0xAB,0xCE,0xF4,0x00,0x00,0x5B,0x07,0xB9,0x86,0x53,0x8B,0x00,0x01,0xAE,0x40,0x00,0x00,0x00,0x12,0x00,0x1C,0xB6,0xDB,0x53,0x22,0x23,0x45,0x30,0x3C,0x10,0x17,0xCE,0xFF,0xFF,0xED,0x30,0x00,0x00,0x00,0x00,0x00,0x00,0x00,0x00};
static GUI_CONST_STORAGE GUI_CHARINFO_EXT glyph_8FD0 = {15,16,0,0,16,bitmap_8FD0};
static GUI_CONST_STORAGE unsigned char bitmap_901A[] = {0x00,0x00,0x00,0x00,0x00,0x00,0x00,0x00,0x0A,0x50,0x07,0xDD,0xDD,0xDE,0xE4,0x00,0x03,0xE6,0x00,0x18,0x50,0x5B,0x30,0x00,0x00,0x3E,0x20,0x03,0xAE,0xE2,0x00,0x00,0x00,0x01,0x07,0xDD,0xDE,0xFE,0xDA,0x00,0x00,0x00,0x08,0x70,0x0F,0x10,0x5B,0x00,0x5F,0xFC,0x08,0xEC,0xCF,0xDC,0xDB,0x00,0x01,0x5C,0x08,0x70,0x0F,0x10,0x5B,0x00,0x00,0x4C,0x08,0x70,0x0F,0x10,0x5B,0x00,0x00,0x4C,0x08,0xED,0xDF,0xDD,0xEB,0x00,0x00,0x4C,0x08,0x70,0x0F,0x10,0x5B,0x00,0x00,0x8E,0x28,0x70,0x0D,0x1D,0xE7,0x00,0x0A,0xB6,0xD9,0x31,0x00,0x01,0x23,0x20,0x3D,0x10,0x17,0xCE,0xEF,0xFF,0xEE,0x40,0x01,0x00,0x00,0x00,0x00,0x00,0x00,0x00};
static GUI_CONST_STORAGE GUI_CHARINFO_EXT glyph_901A = {15,15,0,0,16,bitmap_901A};
static GUI_CONST_STORAGE unsigned char bitmap_901F[] = {0x00,0x00,0x00,0x00,0x3D,0x00,0x00,0x00,0x0A,0x60,0x00,0x00,0x3D,0x00,0x00,0x00,0x03,0xE5,0x3F,0xFF,0xFF,0xFF,0xFF,0x30,0x00,0x3D,0x10,0x00,0x3D,0x00,0x00,0x00,0x00,0x00,0x09,0xDD,0xEF,0xDD,0xD6,0x00,0x02,0x22,0x0A,0x60,0x3D,0x00,0x97,0x00,0x4E,0xEF,0x0A,0x60,0x3D,0x00,0x97,0x00,0x00,0x1F,0x0A,0xED,0xEF,0xDD,0xE7,0x00,0x00,0x1F,0x00,0x02,0xEF,0xB1,0x00,0x00,0x00,0x1F,0x00,0x1C,0xAE,0x9C,0x20,0x00,0x00,0x1F,0x01,0xBA,0x3D,0x08,0xD1,0x00,0x00,0x1F,0x2E,0xB1,0x3D,0x00,0x9A,0x00,0x00,0x7F,0x47,0x00,0x3D,0x00,0x02,0x00,0x09,0xD7,0xDA,0x42,0x14,0x11,0x23,0x20,0x2C,0x10,0x17,0xCE,0xFF,0xFE,0xED,0x30,0x00,0x00,0x00,0x00,0x00,0x00,0x00,0x00};
static GUI_CONST_STORAGE GUI_CHARINFO_EXT glyph_901F = {15,16,0,0,16,bitmap_901F};
static GUI_CONST_STORAGE unsigned char bitmap_9053[] = {0x02,0x00,0x00,0x77,0x00,0x0B,0x30,0x00,0x0B,0x90,0x00,0x2E,0x10,0x6B,0x00,0x00,0x01,0xD8,0x5E,0xEE,0xEE,0xFE,0xEE,0x30,0x00,0x4A,0x00,0x00,0x7B,0x00,0x00,0x00,0x00,0x00,0x00,0x00,0xA7,0x00,0x00,0x00,0x01,0x11,0x04,0xFD,0xDD,0xDD,0xE0,0x00,0x4F,0xFE,0x04,0xC0,0x00,0x02,0xE0,0x00,0x00,0x2E,0x04,0xEC,0xCC,0xCC,0xE0,0x00,0x00,0x2E,0x04,0xC0,0x00,0x02,0xE0,0x00,0x00,0x2E,0x04,0xEC,0xCC,0xCC,0xE0,0x00,0x00,0x2E,0x04,0xC0,0x00,0x02,0xE0,0x00,0x00,0x4E,0x14,0xFD,0xDD,0xDD,0xE0,0x00,0x07,0xD8,0xD8,0x31,0x00,0x01,0x23,0x10,0x2D,0x20,0x17,0xCE,0xFF,0xFF,0xED,0x30,0x01,0x00,0x00,0x00,0x00,0x00,0x00,0x00};
static GUI_CONST_STORAGE GUI_CHARINFO_EXT glyph_9053 = {15,15,0,0,16,bitmap_9053};
static GUI_CONST_STORAGE unsigned char bitmap_90E8[] = {0x00,0x02,0xB0,0x00,0x00,0x00,0x00,0x00,0x00,0x00,0xD4,0x00,0x09,0xFF,0xFE,0x10,0x0C,0xFF,0xFF,0xFF,0x49,0x71,0x6C,0x00,0x00,0x94,0x00,0x96,0x09,0x60,0xA7,0x00,0x00,0x6A,0x01,0xE2,0x09,0x60,0xE1,0x00,0x00,0x1C,0x06,0xA0,0x09,0x65,0xB0,0x00,0x4F,0xFF,0xFF,0xFF,0x99,0x69,0x80,0x00,0x01,0x11,0x11,0x11,0x09,0x62,0xE2,0x00,0x00,0x00,0x00,0x00,0x09,0x60,0x89,0x00,0x06,0xFF,0xFF,0xFE,0x09,0x60,0x3D,0x00,0x06,0xA0,0x00,0x3E,0x09,0x60,0x1F,0x00,0x06,0xA0,0x00,0x3E,0x09,0x60,0x5E,0x00,0x06,0xA0,0x00,0x3E,0x09,0x7F,0xE6,0x00,0x06,0xFF,0xFF,0xFE,0x09,0x60,0x00,0x00,0x04,0x80,0x00,0x29,0x09,0x60,0x00,0x00};
static GUI_CONST_STORAGE GUI_CHARINFO_EXT glyph_90E8 = {15,15,0,0,16,bitmap_90E8};
static GUI_CONST_STORAGE unsigned char bitmap_9519[] = {0x00,0x65,0x00,0x00,0xC2,0x0A,0x40,0x00,0x00,0xE3,0x00,0x00,0xD2,0x0B,0x40,0x00,0x07,0xFF,0xFF,0x5F,0xFF,0xFF,0xFF,0x00,0x3E,0x31,0x11,0x00,0xD2,0x0B,0x40,0x00,0x27,0x00,0x00,0x00,0xD2,0x0B,0x40,0x00,0x06,0xFF,0xFC,0xBF,0xFF,0xFF,0xFF,0x50,0x00,0x0F,0x10,0x00,0x00,0x00,0x00,0x00,0x00,0x0F,0x10,0x00,0x00,0x00,0x00,0x00,0x1F,0xFF,0xFF,0x2D,0xFF,0xFF,0xF5,0x00,0x01,0x1F,0x21,0x0D,0x30,0x00,0xB5,0x00,0x00,0x0F,0x10,0x0D,0xEE,0xEE,0xF5,0x00,0x00,0x0F,0x13,0x0D,0x30,0x00,0xB5,0x00,0x00,0x1F,0xCC,0x0D,0x30,0x00,0xB5,0x00,0x00,0x7F,0x70,0x0D,0xEE,0xEE,0xF5,0x00,0x00,0x32,0x00,0x0A,0x20,0x00,0x74,0x00};
static GUI_CONST_STORAGE GUI_CHARINFO_EXT glyph_9519 = {15,15,0,0,16,bitmap_9519};
static GUI_CONST_STORAGE unsigned char bitmap_95EA[] = {0x07,0x00,0x11,0x11,0x11,0x11,0x10,0x0B,0xA0,0xAF,0xFF,0xFF,0xFF,0xC0,0x01,0xD7,0x00,0x00,0x00,0x05,0xC0,0x21,0x39,0x00,0x31,0x00,0x05,0xC0,0xC5,0x00,0x00,0xD5,0x00,0x05,0xC0,0xC5,0x00,0x02,0xF1,0x00,0x05,0xC0,0xC5,0x00,0x07,0xD0,0x00,0x05,0xC0,0xC5,0x00,0x0D,0xE9,0x00,0x05,0xC0,0xC5,0x00,0x6D,0x2E,0x80,0x05,0xC0,0xC5,0x02,0xE5,0x03,0xE5,0x05,0xC0,0xC5,0x3E,0x90,0x00,0x6E,0x25,0xC0,0xC5,0x89,0x00,0x00,0x0A,0x35,0xC0,0xC5,0x00,0x00,0x00,0x00,0x05,0xC0,0xC5,0x00,0x00,0x00,0x02,0x28,0xB0,0xC5,0x00,0x00,0x00,0x0C,0xFE,0x60};
static GUI_CONST_STORAGE GUI_CHARINFO_EXT glyph_95EA = {13,15,1,0,16,bitmap_95EA};
static GUI_CONST_STORAGE unsigned char bitmap_95ED[] = {0x27,0x00,0x00,0x00,0x00,0x00,0x00,0x1C,0x80,0xAF,0xFF,0xFF,0xFF,0xA0,0x02,0xD2,0x11,0x11,0x11,0x17,0xA0,0x53,0x00,0x00,0x08,0x90,0x06,0xA0,0xA7,0x00,0x00,0x08,0x90,0x06,0xA0,0xA7,0x6F,0xFF,0xFF,0xFF,0xB6,0xA0,0xA7,0x01,0x11,0x8F,0xA1,0x16,0xA0,0xA7,0x00,0x03,0xEB,0x90,0x06,0xA0,0xA7,0x00,0x3E,0x48,0x90,0x06,0xA0,0xA7,0x06,0xE6,0x08,0x90,0x06,0xA0,0xA7,0xAE,0x40,0x08,0x90,0x06,0xA0,0xA7,0x52,0x00,0x09,0x90,0x06,0xA0,0xA7,0x00,0x0A,0xFE,0x50,0x06,0xA0,0xA7,0x00,0x01,0x10,0x00,0x18,0xA0,0x85,0x00,0x00,0x00,0x02,0xFE,0x50};
static GUI_CONST_STORAGE GUI_CHARINFO_EXT glyph_95ED = {13,15,1,0,16,bitmap_95ED};
static GUI_CONST_STORAGE unsigned char bitmap_95F4[] = {0x17,0x00,0x00,0x00,0x00,0x00,0x00,0x1D,0x80,0xBF,0xFF,0xFF,0xFF,0xA0,0x02,0xE2,0x11,0x11,0x11,0x18,0xA0,0x11,0x20,0x00,0x00,0x00,0x07,0xA0,0xA8,0x00,0x00,0x00,0x00,0x07,0xA0,0xA8,0x05,0xFE,0xEE,0xF5,0x07,0xA0,0xA8,0x05,0xA0,0x00,0xB5,0x07,0xA0,0xA8,0x05,0xA0,0x00,0xB5,0x07,0xA0,0xA8,0x05,0xFE,0xEE,0xF5,0x07,0xA0,0xA8,0x05,0xA0,0x00,0xB5,0x07,0xA0,0xA8,0x05,0xA0,0x00,0xB5,0x07,0xA0,0xA8,0x05,0xFE,0xEE,0xF5,0x07,0xA0,0xA8,0x00,0x00,0x00,0x00,0x07,0xA0,0xA8,0x00,0x00,0x00,0x00,0x08,0xA0,0xA8,0x00,0x00,0x00,0x00,0xEE,0x60,0x10,0x00,0x00,0x00,0x00,0x00,0x00};
static GUI_CONST_STORAGE GUI_CHARINFO_EXT glyph_95F4 = {13,16,1,0,16,bitmap_95F4};
static GUI_CONST_STORAGE unsigned char bitmap_9891[] = {0x00,0x00,0xD0,0x00,0x00,0x00,0x00,0x00,0x03,0x50,0xF0,0x03,0xFF,0xFF,0xFF,0x30,0x04,0x90,0xFE,0xE2,0x00,0x89,0x00,0x00,0x04,0x90,0xF0,0x00,0x00,0xC4,0x00,0x00,0x04,0x90,0xF0,0x00,0xDE,0xDD,0xEC,0x00,0x6F,0xFF,0xFF,0xF8,0xD2,0x22,0x3C,0x00,0x00,0x05,0xB0,0x00,0xD2,0x87,0x3C,0x00,0x01,0x74,0xB0,0x42,0xD2,0x86,0x3C,0x00,0x06,0x94,0xB0,0xE2,0xD2,0x86,0x3C,0x00,0x0D,0x34,0xB4,0xC0,0xD2,0xA5,0x3C,0x00,0x3A,0x04,0xBC,0x60,0xD2,0xC3,0x3C,0x00,0x00,0x00,0x8B,0x00,0x62,0xE3,0x15,0x00,0x00,0x09,0xD2,0x00,0x0B,0x7B,0x90,0x00,0x05,0xCC,0x10,0x03,0xBB,0x00,0x9B,0x10,0x1B,0x50,0x00,0x1C,0x60,0x00,0x08,0x30};
static GUI_CONST_STORAGE GUI_CHARINFO_EXT glyph_9891 = {15,15,0,0,16,bitmap_9891};
static GUI_CONST_STORAGE unsigned char bitmap_989C[] = {0x00,0x04,0x60,0x00,0x00,0x00,0x00,0x00,0x00,0x04,0xC0,0x04,0xDD,0xDD,0xDD,0x30,0x0E,0xEE,0xEE,0xE6,0x00,0x95,0x00,0x00,0x00,0xB2,0x05,0x70,0x00,0xD1,0x00,0x00,0x00,0x78,0x0D,0x30,0xED,0xDD,0xDB,0x00,0x09,0xEE,0xEF,0xE5,0xE0,0x43,0x4B,0x00,0x0A,0x50,0x07,0x70,0xE0,0x85,0x4B,0x00,0x0A,0x55,0xCA,0x10,0xE0,0x85,0x4B,0x00,0x0A,0x9B,0x42,0x70,0xE0,0x94,0x4B,0x00,0x0B,0x40,0x5D,0x50,0xE0,0xA3,0x4B,0x00,0x0C,0x8C,0xC3,0x41,0xE0,0xD1,0x4B,0x00,0x0D,0x65,0x07,0xD1,0x43,0xC2,0x13,0x00,0x1F,0x03,0xAC,0x10,0x1D,0x49,0xB1,0x00,0x5C,0x9E,0x71,0x05,0xC8,0x00,0x8C,0x10,0x46,0x31,0x00,0x4B,0x40,0x00,0x08,0x20};
static GUI_CONST_STORAGE GUI_CHARINFO_EXT glyph_989C = {15,15,0,0,16,bitmap_989C};
static GUI_CONST_STORAGE unsigned char bitmap_98CE[] = {0x00,0x11,0x11,0x11,0x11,0x11,0x10,0x00,0x00,0x9F,0xFF,0xFF,0xFF,0xFF,0x80,0x00,0x00,0x98,0x00,0x00,0x00,0x09,0x80,0x00,0x00,0x98,0x00,0x00,0x1A,0x09,0x80,0x00,0x00,0x98,0x89,0x00,0x6B,0x09,0x70,0x00,0x00,0x98,0x1E,0x60,0xB5,0x09,0x70,0x00,0x00,0xA8,0x04,0xE5,0xE0,0x09,0x80,0x00,0x00,0xB7,0x00,0x8F,0x80,0x08,0x80,0x00,0x00,0xC6,0x00,0x3F,0x80,0x08,0x80,0x00,0x00,0xD4,0x00,0xCB,0xF3,0x08,0x90,0x00,0x00,0xE3,0x08,0xD1,0x9C,0x07,0x90,0x00,0x03,0xE0,0x7F,0x30,0x1E,0x65,0xA2,0x10,0x08,0xA3,0xF5,0x00,0x06,0xB3,0xC4,0x80,0x1E,0x50,0x20,0x00,0x00,0x01,0xE8,0x70,0x3C,0x00,0x00,0x00,0x00,0x00,0x7E,0x20,0x00,0x00,0x00,0x00,0x00,0x00,0x00,0x00};
static GUI_CONST_STORAGE GUI_CHARINFO_EXT glyph_98CE = {15,16,0,0,16,bitmap_98CE};
static GUI_CONST_STORAGE unsigned char bitmap_9971[] = {0x00,0x92,0x00,0x02,0x90,0x00,0x00,0x00,0x00,0xF2,0x00,0x08,0x90,0x00,0x00,0x00,0x03,0xE0,0x00,0x0E,0xFF,0xFF,0xF8,0x00,0x06,0xFF,0xFC,0x7B,0x00,0x00,0x88,0x00,0x0A,0x60,0x8B,0xF4,0x00,0x00,0x88,0x00,0x1E,0x10,0xD7,0xAF,0xEE,0xF2,0x88,0x00,0x69,0x6A,0x30,0x2E,0x00,0xD2,0x88,0x00,0x01,0x6A,0x00,0x2E,0x00,0xD2,0x87,0x00,0x00,0x6A,0x00,0x2E,0x00,0xD2,0x97,0x00,0x00,0x6A,0x00,0x2F,0xEE,0xE2,0xA6,0x00,0x00,0x6A,0x00,0x2E,0x00,0x8F,0xC2,0x00,0x00,0x6A,0x24,0x2E,0x00,0x00,0x00,0x00,0x00,0x6C,0xE5,0x2E,0x00,0x00,0x09,0x30,0x00,0x9F,0x50,0x1F,0x20,0x00,0x1D,0x30,0x00,0xB4,0x00,0x0A,0xFF,0xFF,0xFB,0x00,0x00,0x00,0x00,0x00,0x00,0x00,0x00,0x00};
static GUI_CONST_STORAGE GUI_CHARINFO_EXT glyph_9971 = {15,16,0,0,16,bitmap_9971};
static GUI_CONST_STORAGE GUI_FONT_PROP_EXT block_9971 = {0x9971,0x9971,&glyph_9971,0};
static GUI_CONST_STORAGE GUI_FONT_PROP_EXT block_98CE = {0x98CE,0x98CE,&glyph_98CE,&block_9971};
static GUI_CONST_STORAGE GUI_FONT_PROP_EXT block_989C = {0x989C,0x989C,&glyph_989C,&block_98CE};
static GUI_CONST_STORAGE GUI_FONT_PROP_EXT block_9891 = {0x9891,0x9891,&glyph_9891,&block_989C};
static GUI_CONST_STORAGE GUI_FONT_PROP_EXT block_95F4 = {0x95F4,0x95F4,&glyph_95F4,&block_9891};
static GUI_CONST_STORAGE GUI_FONT_PROP_EXT block_95ED = {0x95ED,0x95ED,&glyph_95ED,&block_95F4};
static GUI_CONST_STORAGE GUI_FONT_PROP_EXT block_95EA = {0x95EA,0x95EA,&glyph_95EA,&block_95ED};
static GUI_CONST_STORAGE GUI_FONT_PROP_EXT block_9519 = {0x9519,0x9519,&glyph_9519,&block_95EA};
static GUI_CONST_STORAGE GUI_FONT_PROP_EXT block_90E8 = {0x90E8,0x90E8,&glyph_90E8,&block_9519};
static GUI_CONST_STORAGE GUI_FONT_PROP_EXT block_9053 = {0x9053,0x9053,&glyph_9053,&block_90E8};
static GUI_CONST_STORAGE GUI_FONT_PROP_EXT block_901F = {0x901F,0x901F,&glyph_901F,&block_9053};
static GUI_CONST_STORAGE GUI_FONT_PROP_EXT block_901A = {0x901A,0x901A,&glyph_901A,&block_901F};
static GUI_CONST_STORAGE GUI_FONT_PROP_EXT block_8FD0 = {0x8FD0,0x8FD0,&glyph_8FD0,&block_901A};
static GUI_CONST_STORAGE GUI_FONT_PROP_EXT block_8F74 = {0x8F74,0x8F74,&glyph_8F74,&block_8FD0};
static GUI_CONST_STORAGE GUI_FONT_PROP_EXT block_8F6F = {0x8F6F,0x8F6F,&glyph_8F6F,&block_8F74};
static GUI_CONST_STORAGE GUI_FONT_PROP_EXT block_8F6C = {0x8F6C,0x8F6C,&glyph_8F6C,&block_8F6F};
static GUI_CONST_STORAGE GUI_FONT_PROP_EXT block_8C03 = {0x8C03,0x8C03,&glyph_8C03,&block_8F6C};
static GUI_CONST_STORAGE GUI_FONT_PROP_EXT block_8BEF = {0x8BEF,0x8BEF,&glyph_8BEF,&block_8C03};
static GUI_CONST_STORAGE GUI_FONT_PROP_EXT block_8BED = {0x8BED,0x8BED,&glyph_8BED,&block_8BEF};
static GUI_CONST_STORAGE GUI_FONT_PROP_EXT block_8BBE = {0x8BBE,0x8BBE,&glyph_8BBE,&block_8BED};
static GUI_CONST_STORAGE GUI_FONT_PROP_EXT block_8A00 = {0x8A00,0x8A00,&glyph_8A00,&block_8BBE};
static GUI_CONST_STORAGE GUI_FONT_PROP_EXT block_884C = {0x884C,0x884C,&glyph_884C,&block_8A00};
static GUI_CONST_STORAGE GUI_FONT_PROP_EXT block_84DD = {0x84DD,0x84DD,&glyph_84DD,&block_884C};
static GUI_CONST_STORAGE GUI_FONT_PROP_EXT block_83DC = {0x83DC,0x83DC,&glyph_83DC,&block_84DD};
static GUI_CONST_STORAGE GUI_FONT_PROP_EXT block_82F1 = {0x82F1,0x82F1,&glyph_82F1,&block_83DC};
static GUI_CONST_STORAGE GUI_FONT_PROP_EXT block_8272 = {0x8272,0x8272,&glyph_8272,&block_82F1};
static GUI_CONST_STORAGE GUI_FONT_PROP_EXT block_80FD = {0x80FD,0x80FD,&glyph_80FD,&block_8272};
static GUI_CONST_STORAGE GUI_FONT_PROP_EXT block_7F6E = {0x7F6E,0x7F6E,&glyph_7F6E,&block_80FD};
static GUI_CONST_STORAGE GUI_FONT_PROP_EXT block_7EFF = {0x7EFF,0x7EFF,&glyph_7EFF,&block_7F6E};
static GUI_CONST_STORAGE GUI_FONT_PROP_EXT block_7EA2 = {0x7EA2,0x7EA2,&glyph_7EA2,&block_7EFF};
static GUI_CONST_STORAGE GUI_FONT_PROP_EXT block_7A0B = {0x7A0B,0x7A0B,&glyph_7A0B,&block_7EA2};
static GUI_CONST_STORAGE GUI_FONT_PROP_EXT block_79D2 = {0x79D2,0x79D2,&glyph_79D2,&block_7A0B};
static GUI_CONST_STORAGE GUI_FONT_PROP_EXT block_793A = {0x793A,0x793A,&glyph_793A,&block_79D2};
static GUI_CONST_STORAGE GUI_FONT_PROP_EXT block_76F4 = {0x76F4,0x76F4,&glyph_76F4,&block_793A};
static GUI_CONST_STORAGE GUI_FONT_PROP_EXT block_76EE = {0x76EE,0x76EE,&glyph_76EE,&block_76F4};
static GUI_CONST_STORAGE GUI_FONT_PROP_EXT block_767D = {0x767D,0x767D,&glyph_767D,&block_76EE};
static GUI_CONST_STORAGE GUI_FONT_PROP_EXT block_7535 = {0x7535,0x7535,&glyph_7535,&block_767D};
static GUI_CONST_STORAGE GUI_FONT_PROP_EXT block_7387 = {0x7387,0x7387,&glyph_7387,&block_7535};
static GUI_CONST_STORAGE GUI_FONT_PROP_EXT block_7259 = {0x7259,0x7259,&glyph_7259,&block_7387};
static GUI_CONST_STORAGE GUI_FONT_PROP_EXT block_7248 = {0x7248,0x7248,&glyph_7248,&block_7259};
static GUI_CONST_STORAGE GUI_FONT_PROP_EXT block_7126 = {0x7126,0x7126,&glyph_7126,&block_7248};
static GUI_CONST_STORAGE GUI_FONT_PROP_EXT block_7075 = {0x7075,0x7075,&glyph_7075,&block_7126};
static GUI_CONST_STORAGE GUI_FONT_PROP_EXT block_706F = {0x706F,0x706F,&glyph_706F,&block_7075};
static GUI_CONST_STORAGE GUI_FONT_PROP_EXT block_6E29 = {0x6E29,0x6E29,&glyph_6E29,&block_706F};
static GUI_CONST_STORAGE GUI_FONT_PROP_EXT block_6C34 = {0x6C34,0x6C34,&glyph_6C34,&block_6E29};
static GUI_CONST_STORAGE GUI_FONT_PROP_EXT block_6B63 = {0x6B63,0x6B63,&glyph_6B63,&block_6C34};
static GUI_CONST_STORAGE GUI_FONT_PROP_EXT block_6A21 = {0x6A21,0x6A21,&glyph_6A21,&block_6B63};
static GUI_CONST_STORAGE GUI_FONT_PROP_EXT block_6821 = {0x6821,0x6821,&glyph_6821,&block_6A21};
static GUI_CONST_STORAGE GUI_FONT_PROP_EXT block_6807 = {0x6807,0x6807,&glyph_6807,&block_6821};
static GUI_CONST_STORAGE GUI_FONT_PROP_EXT block_679C = {0x679C,0x679C,&glyph_679C,&block_6807};
static GUI_CONST_STORAGE GUI_FONT_PROP_EXT block_673A = {0x673A,0x673A,&glyph_673A,&block_679C};
static GUI_CONST_STORAGE GUI_FONT_PROP_EXT block_672C = {0x672C,0x672C,&glyph_672C,&block_673A};
static GUI_CONST_STORAGE GUI_FONT_PROP_EXT block_663E = {0x663E,0x663E,&glyph_663E,&block_672C};
static GUI_CONST_STORAGE GUI_FONT_PROP_EXT block_662F = {0x662F,0x662F,&glyph_662F,&block_663E};
static GUI_CONST_STORAGE GUI_FONT_PROP_EXT block_65F6 = {0x65F6,0x65F6,&glyph_65F6,&block_662F};
static GUI_CONST_STORAGE GUI_FONT_PROP_EXT block_65E0 = {0x65E0,0x65E0,&glyph_65E0,&block_65F6};
static GUI_CONST_STORAGE GUI_FONT_PROP_EXT block_65CB = {0x65CB,0x65CB,&glyph_65CB,&block_65E0};
static GUI_CONST_STORAGE GUI_FONT_PROP_EXT block_6587 = {0x6587,0x6587,&glyph_6587,&block_65CB};
static GUI_CONST_STORAGE GUI_FONT_PROP_EXT block_654F = {0x654F,0x654F,&glyph_654F,&block_6587};
static GUI_CONST_STORAGE GUI_FONT_PROP_EXT block_6548 = {0x6548,0x6548,&glyph_6548,&block_654F};
static GUI_CONST_STORAGE GUI_FONT_PROP_EXT block_63A7 = {0x63A7,0x63A7,&glyph_63A7,&block_6548};
static GUI_CONST_STORAGE GUI_FONT_PROP_EXT block_6301 = {0x6301,0x6301,&glyph_6301,&block_63A7};
static GUI_CONST_STORAGE GUI_FONT_PROP_EXT block_6267 = {0x6267,0x6267,&glyph_6267,&block_6301};
static GUI_CONST_STORAGE GUI_FONT_PROP_EXT block_6253 = {0x6253,0x6253,&glyph_6253,&block_6267};
static GUI_CONST_STORAGE GUI_FONT_PROP_EXT block_624B = {0x624B,0x624B,&glyph_624B,&block_6253};
static GUI_CONST_STORAGE GUI_FONT_PROP_EXT block_606F = {0x606F,0x606F,&glyph_606F,&block_624B};
static GUI_CONST_STORAGE GUI_FONT_PROP_EXT block_603B = {0x603B,0x603B,&glyph_603B,&block_606F};
static GUI_CONST_STORAGE GUI_FONT_PROP_EXT block_5FAE = {0x5FAE,0x5FAE,&glyph_5FAE,&block_603B};
static GUI_CONST_STORAGE GUI_FONT_PROP_EXT block_5F69 = {0x5F69,0x5F69,&glyph_5F69,&block_5FAE};
static GUI_CONST_STORAGE GUI_FONT_PROP_EXT block_5F0F = {0x5F0F,0x5F0F,&glyph_5F0F,&block_5F69};
static GUI_CONST_STORAGE GUI_FONT_PROP_EXT block_5F00 = {0x5F00,0x5F00,&glyph_5F00,&block_5F0F};
static GUI_CONST_STORAGE GUI_FONT_PROP_EXT block_5EA6 = {0x5EA6,0x5EA6,&glyph_5EA6,&block_5F00};
static GUI_CONST_STORAGE GUI_FONT_PROP_EXT block_5E8F = {0x5E8F,0x5E8F,&glyph_5E8F,&block_5EA6};
static GUI_CONST_STORAGE GUI_FONT_PROP_EXT block_5E73 = {0x5E73,0x5E73,&glyph_5E73,&block_5E8F};
static GUI_CONST_STORAGE GUI_FONT_PROP_EXT block_5E38 = {0x5E38,0x5E38,&glyph_5E38,&block_5E73};
static GUI_CONST_STORAGE GUI_FONT_PROP_EXT block_5DE5 = {0x5DE5,0x5DE5,&glyph_5DE5,&block_5E38};
static GUI_CONST_STORAGE GUI_FONT_PROP_EXT block_5B8F = {0x5B8F,0x5B8F,&glyph_5B8F,&block_5DE5};
static GUI_CONST_STORAGE GUI_FONT_PROP_EXT block_5934 = {0x5934,0x5934,&glyph_5934,&block_5B8F};
static GUI_CONST_STORAGE GUI_FONT_PROP_EXT block_590D = {0x590D,0x590D,&glyph_590D,&block_5934};
static GUI_CONST_STORAGE GUI_FONT_PROP_EXT block_58F0 = {0x58F0,0x58F0,&glyph_58F0,&block_590D};
static GUI_CONST_STORAGE GUI_FONT_PROP_EXT block_5782 = {0x5782,0x5782,&glyph_5782,&block_58F0};
static GUI_CONST_STORAGE GUI_FONT_PROP_EXT block_5740 = {0x5740,0x5740,&glyph_5740,&block_5782};
static GUI_CONST_STORAGE GUI_FONT_PROP_EXT block_5730 = {0x5730,0x5730,&glyph_5730,&block_5740};
static GUI_CONST_STORAGE GUI_FONT_PROP_EXT block_548C = {0x548C,0x548C,&glyph_548C,&block_5730};
static GUI_CONST_STORAGE GUI_FONT_PROP_EXT block_5426 = {0x5426,0x5426,&glyph_5426,&block_548C};
static GUI_CONST_STORAGE GUI_FONT_PROP_EXT block_53F7 = {0x53F7,0x53F7,&glyph_53F7,&block_5426};
static GUI_CONST_STORAGE GUI_FONT_PROP_EXT block_53D8 = {0x53D8,0x53D8,&glyph_53D8,&block_53F7};
static GUI_CONST_STORAGE GUI_FONT_PROP_EXT block_53CD = {0x53CD,0x53CD,&glyph_53CD,&block_53D8};
static GUI_CONST_STORAGE GUI_FONT_PROP_EXT block_5382 = {0x5382,0x5382,&glyph_5382,&block_53CD};
static GUI_CONST_STORAGE GUI_FONT_PROP_EXT block_5355 = {0x5355,0x5355,&glyph_5355,&block_5382};
static GUI_CONST_STORAGE GUI_FONT_PROP_EXT block_52A8 = {0x52A8,0x52A8,&glyph_52A8,&block_5355};
static GUI_CONST_STORAGE GUI_FONT_PROP_EXT block_5236 = {0x5236,0x5236,&glyph_5236,&block_52A8};
static GUI_CONST_STORAGE GUI_FONT_PROP_EXT block_51FA = {0x51FA,0x51FA,&glyph_51FA,&block_5236};
static GUI_CONST_STORAGE GUI_FONT_PROP_EXT block_5185 = {0x5185,0x5185,&glyph_5185,&block_51FA};
static GUI_CONST_STORAGE GUI_FONT_PROP_EXT block_5177 = {0x5177,0x5177,&glyph_5177,&block_5185};
static GUI_CONST_STORAGE GUI_FONT_PROP_EXT block_5173 = {0x5173,0x5173,&glyph_5173,&block_5177};
static GUI_CONST_STORAGE GUI_FONT_PROP_EXT block_5168 = {0x5168,0x5168,&glyph_5168,&block_5173};
static GUI_CONST_STORAGE GUI_FONT_PROP_EXT block_5149 = {0x5149,0x5149,&glyph_5149,&block_5168};
static GUI_CONST_STORAGE GUI_FONT_PROP_EXT block_4FE1 = {0x4FE1,0x4FE1,&glyph_4FE1,&block_5149};
static GUI_CONST_STORAGE GUI_FONT_PROP_EXT block_4FDD = {0x4FDD,0x4FDD,&glyph_4FDD,&block_4FE1};
static GUI_CONST_STORAGE GUI_FONT_PROP_EXT block_4F7F = {0x4F7F,0x4F7F,&glyph_4F7F,&block_4FDD};
static GUI_CONST_STORAGE GUI_FONT_PROP_EXT block_4F4D = {0x4F4D,0x4F4D,&glyph_4F4D,&block_4F7F};
static GUI_CONST_STORAGE GUI_FONT_PROP_EXT block_4EF6 = {0x4EF6,0x4EF6,&glyph_4EF6,&block_4F4D};
static GUI_CONST_STORAGE GUI_FONT_PROP_EXT block_4ECE = {0x4ECE,0x4ECE,&glyph_4ECE,&block_4EF6};
static GUI_CONST_STORAGE GUI_FONT_PROP_EXT block_4EAE = {0x4EAE,0x4EAE,&glyph_4EAE,&block_4ECE};
static GUI_CONST_STORAGE GUI_FONT_PROP_EXT block_4E3B = {0x4E3B,0x4E3B,&glyph_4E3B,&block_4EAE};
static GUI_CONST_STORAGE GUI_FONT_PROP_EXT block_4E2D = {0x4E2D,0x4E2D,&glyph_4E2D,&block_4E3B};
static GUI_CONST_STORAGE GUI_FONT_PROP_EXT block_0451 = {0x0451,0x0451,&glyph_0451,&block_4E2D};
static GUI_CONST_STORAGE GUI_FONT_PROP_EXT block_044F = {0x044F,0x044F,&glyph_044F,&block_0451};
static GUI_CONST_STORAGE GUI_FONT_PROP_EXT block_044E = {0x044E,0x044E,&glyph_044E,&block_044F};
static GUI_CONST_STORAGE GUI_FONT_PROP_EXT block_044D = {0x044D,0x044D,&glyph_044D,&block_044E};
static GUI_CONST_STORAGE GUI_FONT_PROP_EXT block_044C = {0x044C,0x044C,&glyph_044C,&block_044D};
static GUI_CONST_STORAGE GUI_FONT_PROP_EXT block_044B = {0x044B,0x044B,&glyph_044B,&block_044C};
static GUI_CONST_STORAGE GUI_FONT_PROP_EXT block_0449 = {0x0449,0x0449,&glyph_0449,&block_044B};
static GUI_CONST_STORAGE GUI_FONT_PROP_EXT block_0448 = {0x0448,0x0448,&glyph_0448,&block_0449};
static GUI_CONST_STORAGE GUI_FONT_PROP_EXT block_0447 = {0x0447,0x0447,&glyph_0447,&block_0448};
static GUI_CONST_STORAGE GUI_FONT_PROP_EXT block_0446 = {0x0446,0x0446,&glyph_0446,&block_0447};
static GUI_CONST_STORAGE GUI_FONT_PROP_EXT block_0444 = {0x0444,0x0444,&glyph_0444,&block_0446};
static GUI_CONST_STORAGE GUI_FONT_PROP_EXT block_0443 = {0x0443,0x0443,&glyph_0443,&block_0444};
static GUI_CONST_STORAGE GUI_FONT_PROP_EXT block_0442 = {0x0442,0x0442,&glyph_0442,&block_0443};
static GUI_CONST_STORAGE GUI_FONT_PROP_EXT block_0441 = {0x0441,0x0441,&glyph_0441,&block_0442};
static GUI_CONST_STORAGE GUI_FONT_PROP_EXT block_0440 = {0x0440,0x0440,&glyph_0440,&block_0441};
static GUI_CONST_STORAGE GUI_FONT_PROP_EXT block_043F = {0x043F,0x043F,&glyph_043F,&block_0440};
static GUI_CONST_STORAGE GUI_FONT_PROP_EXT block_043E = {0x043E,0x043E,&glyph_043E,&block_043F};
static GUI_CONST_STORAGE GUI_FONT_PROP_EXT block_043D = {0x043D,0x043D,&glyph_043D,&block_043E};
static GUI_CONST_STORAGE GUI_FONT_PROP_EXT block_043C = {0x043C,0x043C,&glyph_043C,&block_043D};
static GUI_CONST_STORAGE GUI_FONT_PROP_EXT block_043B = {0x043B,0x043B,&glyph_043B,&block_043C};
static GUI_CONST_STORAGE GUI_FONT_PROP_EXT block_043A = {0x043A,0x043A,&glyph_043A,&block_043B};
static GUI_CONST_STORAGE GUI_FONT_PROP_EXT block_0439 = {0x0439,0x0439,&glyph_0439,&block_043A};
static GUI_CONST_STORAGE GUI_FONT_PROP_EXT block_0438 = {0x0438,0x0438,&glyph_0438,&block_0439};
static GUI_CONST_STORAGE GUI_FONT_PROP_EXT block_0437 = {0x0437,0x0437,&glyph_0437,&block_0438};
static GUI_CONST_STORAGE GUI_FONT_PROP_EXT block_0436 = {0x0436,0x0436,&glyph_0436,&block_0437};
static GUI_CONST_STORAGE GUI_FONT_PROP_EXT block_0435 = {0x0435,0x0435,&glyph_0435,&block_0436};
static GUI_CONST_STORAGE GUI_FONT_PROP_EXT block_0434 = {0x0434,0x0434,&glyph_0434,&block_0435};
static GUI_CONST_STORAGE GUI_FONT_PROP_EXT block_0433 = {0x0433,0x0433,&glyph_0433,&block_0434};
static GUI_CONST_STORAGE GUI_FONT_PROP_EXT block_0432 = {0x0432,0x0432,&glyph_0432,&block_0433};
static GUI_CONST_STORAGE GUI_FONT_PROP_EXT block_0431 = {0x0431,0x0431,&glyph_0431,&block_0432};
static GUI_CONST_STORAGE GUI_FONT_PROP_EXT block_0430 = {0x0430,0x0430,&glyph_0430,&block_0431};
static GUI_CONST_STORAGE GUI_FONT_PROP_EXT block_042F = {0x042F,0x042F,&glyph_042F,&block_0430};
static GUI_CONST_STORAGE GUI_FONT_PROP_EXT block_042D = {0x042D,0x042D,&glyph_042D,&block_042F};
static GUI_CONST_STORAGE GUI_FONT_PROP_EXT block_0427 = {0x0427,0x0427,&glyph_0427,&block_042D};
static GUI_CONST_STORAGE GUI_FONT_PROP_EXT block_0426 = {0x0426,0x0426,&glyph_0426,&block_0427};
static GUI_CONST_STORAGE GUI_FONT_PROP_EXT block_0424 = {0x0424,0x0424,&glyph_0424,&block_0426};
static GUI_CONST_STORAGE GUI_FONT_PROP_EXT block_0423 = {0x0423,0x0423,&glyph_0423,&block_0424};
static GUI_CONST_STORAGE GUI_FONT_PROP_EXT block_0422 = {0x0422,0x0422,&glyph_0422,&block_0423};
static GUI_CONST_STORAGE GUI_FONT_PROP_EXT block_0421 = {0x0421,0x0421,&glyph_0421,&block_0422};
static GUI_CONST_STORAGE GUI_FONT_PROP_EXT block_0420 = {0x0420,0x0420,&glyph_0420,&block_0421};
static GUI_CONST_STORAGE GUI_FONT_PROP_EXT block_041F = {0x041F,0x041F,&glyph_041F,&block_0420};
static GUI_CONST_STORAGE GUI_FONT_PROP_EXT block_041E = {0x041E,0x041E,&glyph_041E,&block_041F};
static GUI_CONST_STORAGE GUI_FONT_PROP_EXT block_041D = {0x041D,0x041D,&glyph_041D,&block_041E};
static GUI_CONST_STORAGE GUI_FONT_PROP_EXT block_041C = {0x041C,0x041C,&glyph_041C,&block_041D};
static GUI_CONST_STORAGE GUI_FONT_PROP_EXT block_041A = {0x041A,0x041A,&glyph_041A,&block_041C};
static GUI_CONST_STORAGE GUI_FONT_PROP_EXT block_0418 = {0x0418,0x0418,&glyph_0418,&block_041A};
static GUI_CONST_STORAGE GUI_FONT_PROP_EXT block_0417 = {0x0417,0x0417,&glyph_0417,&block_0418};
static GUI_CONST_STORAGE GUI_FONT_PROP_EXT block_0414 = {0x0414,0x0414,&glyph_0414,&block_0417};
static GUI_CONST_STORAGE GUI_FONT_PROP_EXT block_0412 = {0x0412,0x0412,&glyph_0412,&block_0414};
static GUI_CONST_STORAGE GUI_FONT_PROP_EXT block_0411 = {0x0411,0x0411,&glyph_0411,&block_0412};
static GUI_CONST_STORAGE GUI_FONT_PROP_EXT block_0410 = {0x0410,0x0410,&glyph_0410,&block_0411};
static GUI_CONST_STORAGE GUI_FONT_PROP_EXT block_007E = {0x007E,0x007E,&glyph_007E,&block_0410};
static GUI_CONST_STORAGE GUI_FONT_PROP_EXT block_007D = {0x007D,0x007D,&glyph_007D,&block_007E};
static GUI_CONST_STORAGE GUI_FONT_PROP_EXT block_007C = {0x007C,0x007C,&glyph_007C,&block_007D};
static GUI_CONST_STORAGE GUI_FONT_PROP_EXT block_007B = {0x007B,0x007B,&glyph_007B,&block_007C};
static GUI_CONST_STORAGE GUI_FONT_PROP_EXT block_007A = {0x007A,0x007A,&glyph_007A,&block_007B};
static GUI_CONST_STORAGE GUI_FONT_PROP_EXT block_0079 = {0x0079,0x0079,&glyph_0079,&block_007A};
static GUI_CONST_STORAGE GUI_FONT_PROP_EXT block_0078 = {0x0078,0x0078,&glyph_0078,&block_0079};
static GUI_CONST_STORAGE GUI_FONT_PROP_EXT block_0077 = {0x0077,0x0077,&glyph_0077,&block_0078};
static GUI_CONST_STORAGE GUI_FONT_PROP_EXT block_0076 = {0x0076,0x0076,&glyph_0076,&block_0077};
static GUI_CONST_STORAGE GUI_FONT_PROP_EXT block_0075 = {0x0075,0x0075,&glyph_0075,&block_0076};
static GUI_CONST_STORAGE GUI_FONT_PROP_EXT block_0074 = {0x0074,0x0074,&glyph_0074,&block_0075};
static GUI_CONST_STORAGE GUI_FONT_PROP_EXT block_0073 = {0x0073,0x0073,&glyph_0073,&block_0074};
static GUI_CONST_STORAGE GUI_FONT_PROP_EXT block_0072 = {0x0072,0x0072,&glyph_0072,&block_0073};
static GUI_CONST_STORAGE GUI_FONT_PROP_EXT block_0071 = {0x0071,0x0071,&glyph_0071,&block_0072};
static GUI_CONST_STORAGE GUI_FONT_PROP_EXT block_0070 = {0x0070,0x0070,&glyph_0070,&block_0071};
static GUI_CONST_STORAGE GUI_FONT_PROP_EXT block_006F = {0x006F,0x006F,&glyph_006F,&block_0070};
static GUI_CONST_STORAGE GUI_FONT_PROP_EXT block_006E = {0x006E,0x006E,&glyph_006E,&block_006F};
static GUI_CONST_STORAGE GUI_FONT_PROP_EXT block_006D = {0x006D,0x006D,&glyph_006D,&block_006E};
static GUI_CONST_STORAGE GUI_FONT_PROP_EXT block_006C = {0x006C,0x006C,&glyph_006C,&block_006D};
static GUI_CONST_STORAGE GUI_FONT_PROP_EXT block_006B = {0x006B,0x006B,&glyph_006B,&block_006C};
static GUI_CONST_STORAGE GUI_FONT_PROP_EXT block_006A = {0x006A,0x006A,&glyph_006A,&block_006B};
static GUI_CONST_STORAGE GUI_FONT_PROP_EXT block_0069 = {0x0069,0x0069,&glyph_0069,&block_006A};
static GUI_CONST_STORAGE GUI_FONT_PROP_EXT block_0068 = {0x0068,0x0068,&glyph_0068,&block_0069};
static GUI_CONST_STORAGE GUI_FONT_PROP_EXT block_0067 = {0x0067,0x0067,&glyph_0067,&block_0068};
static GUI_CONST_STORAGE GUI_FONT_PROP_EXT block_0066 = {0x0066,0x0066,&glyph_0066,&block_0067};
static GUI_CONST_STORAGE GUI_FONT_PROP_EXT block_0065 = {0x0065,0x0065,&glyph_0065,&block_0066};
static GUI_CONST_STORAGE GUI_FONT_PROP_EXT block_0064 = {0x0064,0x0064,&glyph_0064,&block_0065};
static GUI_CONST_STORAGE GUI_FONT_PROP_EXT block_0063 = {0x0063,0x0063,&glyph_0063,&block_0064};
static GUI_CONST_STORAGE GUI_FONT_PROP_EXT block_0062 = {0x0062,0x0062,&glyph_0062,&block_0063};
static GUI_CONST_STORAGE GUI_FONT_PROP_EXT block_0061 = {0x0061,0x0061,&glyph_0061,&block_0062};
static GUI_CONST_STORAGE GUI_FONT_PROP_EXT block_0060 = {0x0060,0x0060,&glyph_0060,&block_0061};
static GUI_CONST_STORAGE GUI_FONT_PROP_EXT block_005F = {0x005F,0x005F,&glyph_005F,&block_0060};
static GUI_CONST_STORAGE GUI_FONT_PROP_EXT block_005E = {0x005E,0x005E,&glyph_005E,&block_005F};
static GUI_CONST_STORAGE GUI_FONT_PROP_EXT block_005D = {0x005D,0x005D,&glyph_005D,&block_005E};
static GUI_CONST_STORAGE GUI_FONT_PROP_EXT block_005C = {0x005C,0x005C,&glyph_005C,&block_005D};
static GUI_CONST_STORAGE GUI_FONT_PROP_EXT block_005B = {0x005B,0x005B,&glyph_005B,&block_005C};
static GUI_CONST_STORAGE GUI_FONT_PROP_EXT block_005A = {0x005A,0x005A,&glyph_005A,&block_005B};
static GUI_CONST_STORAGE GUI_FONT_PROP_EXT block_0059 = {0x0059,0x0059,&glyph_0059,&block_005A};
static GUI_CONST_STORAGE GUI_FONT_PROP_EXT block_0058 = {0x0058,0x0058,&glyph_0058,&block_0059};
static GUI_CONST_STORAGE GUI_FONT_PROP_EXT block_0057 = {0x0057,0x0057,&glyph_0057,&block_0058};
static GUI_CONST_STORAGE GUI_FONT_PROP_EXT block_0056 = {0x0056,0x0056,&glyph_0056,&block_0057};
static GUI_CONST_STORAGE GUI_FONT_PROP_EXT block_0055 = {0x0055,0x0055,&glyph_0055,&block_0056};
static GUI_CONST_STORAGE GUI_FONT_PROP_EXT block_0054 = {0x0054,0x0054,&glyph_0054,&block_0055};
static GUI_CONST_STORAGE GUI_FONT_PROP_EXT block_0053 = {0x0053,0x0053,&glyph_0053,&block_0054};
static GUI_CONST_STORAGE GUI_FONT_PROP_EXT block_0052 = {0x0052,0x0052,&glyph_0052,&block_0053};
static GUI_CONST_STORAGE GUI_FONT_PROP_EXT block_0051 = {0x0051,0x0051,&glyph_0051,&block_0052};
static GUI_CONST_STORAGE GUI_FONT_PROP_EXT block_0050 = {0x0050,0x0050,&glyph_0050,&block_0051};
static GUI_CONST_STORAGE GUI_FONT_PROP_EXT block_004F = {0x004F,0x004F,&glyph_004F,&block_0050};
static GUI_CONST_STORAGE GUI_FONT_PROP_EXT block_004E = {0x004E,0x004E,&glyph_004E,&block_004F};
static GUI_CONST_STORAGE GUI_FONT_PROP_EXT block_004D = {0x004D,0x004D,&glyph_004D,&block_004E};
static GUI_CONST_STORAGE GUI_FONT_PROP_EXT block_004C = {0x004C,0x004C,&glyph_004C,&block_004D};
static GUI_CONST_STORAGE GUI_FONT_PROP_EXT block_004B = {0x004B,0x004B,&glyph_004B,&block_004C};
static GUI_CONST_STORAGE GUI_FONT_PROP_EXT block_004A = {0x004A,0x004A,&glyph_004A,&block_004B};
static GUI_CONST_STORAGE GUI_FONT_PROP_EXT block_0049 = {0x0049,0x0049,&glyph_0049,&block_004A};
static GUI_CONST_STORAGE GUI_FONT_PROP_EXT block_0048 = {0x0048,0x0048,&glyph_0048,&block_0049};
static GUI_CONST_STORAGE GUI_FONT_PROP_EXT block_0047 = {0x0047,0x0047,&glyph_0047,&block_0048};
static GUI_CONST_STORAGE GUI_FONT_PROP_EXT block_0046 = {0x0046,0x0046,&glyph_0046,&block_0047};
static GUI_CONST_STORAGE GUI_FONT_PROP_EXT block_0045 = {0x0045,0x0045,&glyph_0045,&block_0046};
static GUI_CONST_STORAGE GUI_FONT_PROP_EXT block_0044 = {0x0044,0x0044,&glyph_0044,&block_0045};
static GUI_CONST_STORAGE GUI_FONT_PROP_EXT block_0043 = {0x0043,0x0043,&glyph_0043,&block_0044};
static GUI_CONST_STORAGE GUI_FONT_PROP_EXT block_0042 = {0x0042,0x0042,&glyph_0042,&block_0043};
static GUI_CONST_STORAGE GUI_FONT_PROP_EXT block_0041 = {0x0041,0x0041,&glyph_0041,&block_0042};
static GUI_CONST_STORAGE GUI_FONT_PROP_EXT block_0040 = {0x0040,0x0040,&glyph_0040,&block_0041};
static GUI_CONST_STORAGE GUI_FONT_PROP_EXT block_003F = {0x003F,0x003F,&glyph_003F,&block_0040};
static GUI_CONST_STORAGE GUI_FONT_PROP_EXT block_003E = {0x003E,0x003E,&glyph_003E,&block_003F};
static GUI_CONST_STORAGE GUI_FONT_PROP_EXT block_003D = {0x003D,0x003D,&glyph_003D,&block_003E};
static GUI_CONST_STORAGE GUI_FONT_PROP_EXT block_003C = {0x003C,0x003C,&glyph_003C,&block_003D};
static GUI_CONST_STORAGE GUI_FONT_PROP_EXT block_003B = {0x003B,0x003B,&glyph_003B,&block_003C};
static GUI_CONST_STORAGE GUI_FONT_PROP_EXT block_003A = {0x003A,0x003A,&glyph_003A,&block_003B};
static GUI_CONST_STORAGE GUI_FONT_PROP_EXT block_0039 = {0x0039,0x0039,&glyph_0039,&block_003A};
static GUI_CONST_STORAGE GUI_FONT_PROP_EXT block_0038 = {0x0038,0x0038,&glyph_0038,&block_0039};
static GUI_CONST_STORAGE GUI_FONT_PROP_EXT block_0037 = {0x0037,0x0037,&glyph_0037,&block_0038};
static GUI_CONST_STORAGE GUI_FONT_PROP_EXT block_0036 = {0x0036,0x0036,&glyph_0036,&block_0037};
static GUI_CONST_STORAGE GUI_FONT_PROP_EXT block_0035 = {0x0035,0x0035,&glyph_0035,&block_0036};
static GUI_CONST_STORAGE GUI_FONT_PROP_EXT block_0034 = {0x0034,0x0034,&glyph_0034,&block_0035};
static GUI_CONST_STORAGE GUI_FONT_PROP_EXT block_0033 = {0x0033,0x0033,&glyph_0033,&block_0034};
static GUI_CONST_STORAGE GUI_FONT_PROP_EXT block_0032 = {0x0032,0x0032,&glyph_0032,&block_0033};
static GUI_CONST_STORAGE GUI_FONT_PROP_EXT block_0031 = {0x0031,0x0031,&glyph_0031,&block_0032};
static GUI_CONST_STORAGE GUI_FONT_PROP_EXT block_0030 = {0x0030,0x0030,&glyph_0030,&block_0031};
static GUI_CONST_STORAGE GUI_FONT_PROP_EXT block_002F = {0x002F,0x002F,&glyph_002F,&block_0030};
static GUI_CONST_STORAGE GUI_FONT_PROP_EXT block_002E = {0x002E,0x002E,&glyph_002E,&block_002F};
static GUI_CONST_STORAGE GUI_FONT_PROP_EXT block_002D = {0x002D,0x002D,&glyph_002D,&block_002E};
static GUI_CONST_STORAGE GUI_FONT_PROP_EXT block_002C = {0x002C,0x002C,&glyph_002C,&block_002D};
static GUI_CONST_STORAGE GUI_FONT_PROP_EXT block_002B = {0x002B,0x002B,&glyph_002B,&block_002C};
static GUI_CONST_STORAGE GUI_FONT_PROP_EXT block_002A = {0x002A,0x002A,&glyph_002A,&block_002B};
static GUI_CONST_STORAGE GUI_FONT_PROP_EXT block_0029 = {0x0029,0x0029,&glyph_0029,&block_002A};
static GUI_CONST_STORAGE GUI_FONT_PROP_EXT block_0028 = {0x0028,0x0028,&glyph_0028,&block_0029};
static GUI_CONST_STORAGE GUI_FONT_PROP_EXT block_0027 = {0x0027,0x0027,&glyph_0027,&block_0028};
static GUI_CONST_STORAGE GUI_FONT_PROP_EXT block_0026 = {0x0026,0x0026,&glyph_0026,&block_0027};
static GUI_CONST_STORAGE GUI_FONT_PROP_EXT block_0025 = {0x0025,0x0025,&glyph_0025,&block_0026};
static GUI_CONST_STORAGE GUI_FONT_PROP_EXT block_0024 = {0x0024,0x0024,&glyph_0024,&block_0025};
static GUI_CONST_STORAGE GUI_FONT_PROP_EXT block_0023 = {0x0023,0x0023,&glyph_0023,&block_0024};
static GUI_CONST_STORAGE GUI_FONT_PROP_EXT block_0022 = {0x0022,0x0022,&glyph_0022,&block_0023};
static GUI_CONST_STORAGE GUI_FONT_PROP_EXT block_0021 = {0x0021,0x0021,&glyph_0021,&block_0022};
static GUI_CONST_STORAGE GUI_FONT_PROP_EXT block_0020 = {0x0020,0x0020,&glyph_0020,&block_0021};
GUI_CONST_STORAGE GUI_FONT GUI_FontM1Menu = {GUI_FONTTYPE_PROP_AA4_EXT,16,16,1,1,{&block_0020},13,9,12};
